country,1960,1961,1962,1963,1964,1965,1966,1967,1968,1969,1970,1971,1972,1973,1974,1975,1976,1977,1978,1979,1980,1981,1982,1983,1984,1985,1986,1987,1988,1989,1990,1991,1992,1993,1994,1995,1996,1997,1998,1999,2000,2001,2002,2003,2004,2005,2006,2007,2008,2009,2010,2011,2012,2013,2014,2015,2016,2017,2018,2019
Aruba,,,,,,,,,,,,,,,,,,,,,,,,,,,17.6,20.1,12.2,2.09,3.83,0.27,1.01,2.27,−2.07,−2.32,4.24,−0.146,−0.729,5.42,−5.09,−5.41,−0.152,6.02,−0.0849,0.247,1.4,−0.225,−10.6,−3.89,3.06,−1.87,3.59,−0.291,5.13,1.59,1.52,,,
Afghanistan,,,,,,,,,,,,,,,,,,,,,,,,,,,,,,,,,,,,,,,,,,,3.87,−2.88,7.21,2.25,11,1.59,18.5,11.3,−2.68,8.97,1.97,−0.665,−1.62,−0.541,0.0648,−1.19,1.54,−4.17
Angola,,,,,,,,,,,,,,,,,,,,,−7.71,−3.49,0.549,2.29,−0.108,−0.671,0.488,2.5,−3.34,−6.66,−2.31,−8.88,−26.4,−1.88,11.4,9.95,3.88,1.36,−1.09,−0.268,0.822,9.94,−0.432,7.19,11,7.58,9.89,7.12,−2.81,0.64,−0.221,4.71,1.29,1.22,−2.47,−5.82,−3.41,−5.16,−3.8,−7.08
Albania,,,,,,,,,,,,,,,,,,,,,3.65,0.796,−1.02,−3.31,−0.291,3.61,−2.75,−3.26,6.92,−11.2,−27.6,−6.62,10.2,8.97,14,9.78,−10.4,9.52,13.6,7.63,9.31,4.85,5.93,5.95,6.07,6.57,6.78,8.33,4.05,4.22,2.82,1.59,1.19,1.99,2.52,3.48,3.9,4.33,2.61,−2.75
Andorra,,,,,,,,,,,−0.654,2.86,2.65,1.03,−3.35,−0.197,−0.259,−1.47,−3.06,−1.3,−3.95,−2.94,−2.56,−2.63,−2.01,−1.02,1.32,0.981,0.792,−0.133,−1.36,−2.87,−4.43,−0.397,0.852,3.83,9.14,3.48,3.73,1.91,4.98,0.511,4.04,3.78,1.9,2.06,−0.519,−6.89,−5.98,−1.97,0.835,−3.45,−1.57,4.52,3.02,4.65,0.734,1.57,1.83,−12.1
United Arab Emirates,,,,,,,,,,,,,,,,0.154,5.35,−13.4,8.43,13.2,−2.7,−12.2,−9.68,−1.25,−8.69,−19.7,−2.49,−8.22,5.92,11.7,−4.8,−2.48,−4.34,1.25,1.35,0.631,2.83,−4.77,−2.4,4.91,−3.78,−2.75,1.97,−0.038,−7.02,−4.92,−11.3,−10.2,−15.2,−5.91,2.19,2.26,4.41,4.1,4.55,1.98,1.01,−0.321,0.225,
Argentina,3.73,−2.43,−6.79,8.44,8.9,−2.14,1.68,3.29,8.05,1.48,4.01,0.00584,1.16,3.85,−1.59,−3.51,5.34,−5.92,8.58,−0.0296,−6.67,−2.31,2.68,−0.0519,−6.69,4.48,1.11,−2.6,−8.54,−3.87,7.61,6.49,6.8,4.51,−4.03,4.27,6.86,2.68,−4.46,−1.87,−5.45,−11.9,7.68,7.88,7.73,6.96,7.92,3.03,−6.85,9.3,4.79,−2.15,1.27,−3.58,1.63,−3.11,1.76,−3.55,−3.06,−10.8
Armenia,,,,,,,,,,,,,,,,,,,,,,,,,,,,,,,−10.9,−40.7,−6.64,7.95,9.1,7.51,4.48,8.14,3.96,6.57,10.3,13.8,14.6,11.1,14.6,14.1,14.7,7.82,−13.5,2.58,4.73,6.91,2.82,3.07,2.74,−0.161,7.18,4.95,7.38,−7.77
American Samoa,,,,,,,,,,,,,,,,,,,,,,,,,,,,,,,,,,,,,,,,,,,0.256,0.0919,−0.196,−3.37,3.15,−1.17,−2.79,1.36,0.59,−4.19,−2.58,1.63,3.12,−1.56,−6.78,3.63,−1.19,
Antigua and Barbuda,,,,,,,,,,,,,,,,,,4.59,8.24,8.31,3.94,−0.0695,5.37,10.2,7.64,11.5,6.7,5.14,4.83,2.15,0.838,−0.562,3.17,4.42,−6.41,4.32,3.22,2.57,1.69,4.34,−6.04,−0.374,4.72,4.4,5.02,11,7.61,−1.61,−13.3,−9.19,−3.3,2.05,−1.8,2.62,2.71,4.44,2.17,6,2.46,−16.7
Australia,0.467,−1.15,4.2,4.9,3.93,0.0714,4.97,3.26,4.83,5.08,0.547,2.02,1.06,1.5,0.11,1.56,2.44,−0.27,2.93,1.79,1.71,1.62,−3.44,3.4,3.82,2.35,1,4.03,2.12,2.05,−1.66,−0.799,3.02,2.89,2.59,2.52,2.81,3.49,3.88,2.7,0.566,2.74,1.72,2.86,1.85,1.29,3.2,1.6,−0.142,0.492,1.05,2.12,0.834,1.02,0.732,1.18,0.592,1.38,0.618,−1.53
Austria,4.96,2.02,3.47,5.42,2.81,4.9,2.24,3.93,5.91,5.95,4.65,5.59,4.31,3.77,−0.099,4.76,5.04,−0.13,5.54,1.73,−0.399,1.94,3.14,0.0576,2.45,2.24,1.29,3.15,3.42,3.55,2.41,0.976,−0.299,2.01,2.51,2.21,1.98,3.47,3.36,3.13,0.88,1.15,0.451,2.1,1.55,2.94,3.39,1.14,−4.02,1.59,2.58,0.222,−0.562,−0.122,−0.112,0.892,1.69,2.08,0.969,−6.98
Azerbaijan,,,,,,,,,,,,,,,,,,,,,,,,,,,,,,,−2.23,−23.8,−24.3,−20.8,−12.8,0.282,4.78,8.96,6.46,10.2,9.05,8.63,9.38,8.3,26.7,33,24,8.29,7.12,3.55,−2.85,0.854,4.48,1.52,−0.147,−4.14,−0.824,0.625,1.62,−5.12
Burundi,−15.4,7,2.13,4.1,1.68,2.1,10.9,−2.8,−3.68,19.1,1.26,−7.44,5.84,−1.85,−0.784,5.94,9.05,−3.32,−0.894,−1.59,9.29,−3.61,0.998,−2.52,8.73,0.379,2.56,2.15,−1.29,0.99,2.62,−1.13,−8.06,−5.48,−9.27,−9.11,−2.59,3.68,−2.3,−2.59,−0.238,1.66,−4.16,1.56,−2.29,2.05,0.105,1.46,0.456,1.76,0.748,1.2,1.69,1.02,−6.89,−3.71,−2.65,−1.56,−1.29,−2.74
Belgium,4.63,4.79,3.57,5.95,2.62,2.46,3.29,3.79,6.33,5.48,3.8,4.88,6.05,4.24,−2.25,5.46,0.502,2.75,2.25,4.33,−0.277,0.622,0.32,2.47,1.62,1.79,2.22,4.39,3.09,2.83,1.46,1.12,−1.35,2.91,2.17,1.12,3.54,1.74,3.31,3.47,0.752,1.25,0.616,3.12,1.76,1.88,2.92,−0.343,−2.81,1.93,0.38,0.116,−0.0132,1.13,1.45,0.755,1.23,1.33,1.24,−6.83
Benin,1.71,−4.86,3.08,4.87,3.44,1.65,−0.886,1.75,0.746,−0.0646,−3.62,4.08,1.37,0.949,−7.16,−1.59,2.35,−1.34,3.75,3.95,6.99,−0.565,−7,4.9,4.47,−0.752,−4.34,0.361,−5.82,5.51,0.765,−0.563,2.2,−1.42,2.61,1.09,2.58,0.93,2.28,2.75,2.2,1.51,0.347,1.34,−1.25,0.975,3,1.98,−0.515,−0.711,0.117,1.92,4.24,3.44,−1,0.525,2.81,3.82,4,1.09
Burkina Faso,2.66,4.72,−2.59,0.857,2.24,−1.02,7.06,1.34,0.289,−1.6,−0.337,0.524,−1.33,6.32,1.08,6.47,−1.59,2.5,1.48,−1.44,1.83,6.91,−2.15,−4.26,5.76,5.2,−2.8,3.06,−0.511,−3.21,6.19,−2.43,0.696,−1.41,2.85,7.99,3.4,4.34,4.41,−0.966,3.61,1.39,4.72,1.46,5.49,3.12,1.02,2.65,−0.107,5.22,3.46,3.31,2.68,1.28,0.911,2.91,3.18,3.71,2.74,−0.818
Bangladesh,3.16,2.57,−3.22,7.77,−1.41,−0.614,−5,6.1,−1.62,3.07,−7.35,−15.4,1.78,7.83,−5.9,3.32,0.142,4.25,1.99,−1.85,4.44,−0.5,1.22,2.11,0.669,1.46,1.08,−0.207,0.274,3.09,1.11,3.11,2.47,1.69,2.9,2.32,2.31,3.01,2.57,3.26,3.11,1.96,2.94,3.55,4.97,5.24,5.75,4.81,3.88,4.39,5.25,5.3,4.8,4.86,5.37,5.95,6.14,6.73,7.05,1.35
Bulgaria,,,,,,,,,,,,,,,,,,,,,4.55,2.03,3.17,3.15,2.68,4.24,5.9,10.8,−2.15,−7.46,−7.53,−6.27,−0.691,2.16,3.31,5.68,−13.7,4.98,−7.77,5.3,5.9,8.28,5.99,7.25,7.96,7.62,7.34,6.83,−2.75,1.22,3.01,0.94,0.889,2.47,4.66,4.55,4.26,3.84,4.43,−3.48
Bahrain,,,,,,,,,,,,,,,,,,,,,−8.92,−10.4,3.56,2.22,−7.53,−2.1,6.59,3.27,−2.95,1.31,8.21,3.97,10.1,−2.68,1.33,1.42,0.274,1.58,0.557,0.853,−2.35,−1.94,0.349,0.388,−0.353,−1.23,0.192,−1.26,−3.55,−0.357,−0.992,1.99,4.21,2.71,−0.188,−0.36,−0.475,−3.16,−2.47,−9.16
Bahamas,5.3,5,5.1,5.24,5.42,4.36,5.12,4.3,5.26,−8.5,−1.01,−5.65,5.4,−18.4,−16.5,3,6.83,11.7,23.4,4.17,−11.2,4.34,1.34,11.8,2.74,−0.0944,1.19,0.579,4.91,−3.32,−5.94,−5.64,−1.56,1.36,2.77,2.83,5.62,−5.57,10.9,2.76,1.07,1.02,−2.99,−0.943,1.5,0.602,−0.464,−4.11,−5.8,0.0119,−0.687,1.95,−3.63,0.11,−0.727,0.445,2.08,1.99,0.217,−17.1
Bosnia and Herzegovina,,,,,,,,,,,,,,,,,,,,,,,,,,,,,,,,,,,24.2,92.2,35.4,15.7,9.34,5.28,4.28,5.19,3.92,6.04,8.73,5.41,5.93,5.68,−2.53,1.7,2.18,0.724,4.15,2.91,4.67,4.46,4.24,4.6,3.55,−3.74
Belarus,,,,,,,,,,,,,,,,,,,,,,,,,,,,,,,−1.25,−9.79,−7.81,−11.6,−10.1,3.14,11.9,8.92,3.84,6.3,5.26,5.72,7.79,12.2,10.1,10.7,9.1,10.6,0.424,7.98,5.57,1.78,0.987,1.63,−3.98,−2.65,2.57,3.31,2.11,−0.7
Belize,1.98,1.99,2.05,2.04,1.91,1.68,1.79,4.26,2.28,2.31,1.78,8.18,3.61,11.8,2.07,−1.42,5.06,6.38,5.75,11.2,−1.22,−2.69,−4.86,−0.903,−1.79,1.67,7.71,6.91,10.3,9.02,9.38,10.2,4.5,−1.85,−1.92,−1.75,−0.154,−0.167,4.8,9.21,1.5,1.81,6.48,2.1,−0.675,2.11,−2.07,0.862,−2.28,0.509,−0.477,0.0635,−0.957,1.78,0.484,−2.06,−0.186,0.949,−0.137,−15.6
Bermuda,2.15,2,−1.26,8.38,2.25,12.3,11.1,0.179,1.52,4.38,4.2,2.56,2.24,1.63,4.55,8.53,5.5,1.07,1.77,6.23,1.67,−5.97,1.13,−0.397,−2.82,5.77,2.91,3.17,−0.399,−0.798,−3.04,0.667,2.46,−0.0957,3.65,1.95,3.96,3.14,2.81,8.35,6.07,−2.12,2.74,1.66,1.02,4.94,2.76,−2.44,−6.15,−1.74,−2.91,−5.65,−0.591,−3.9,0.623,0.394,4.72,−0.504,0.469,
Bolivia,0.118,3.52,4.7,1.89,2.81,5,4.14,6.29,2.29,3.01,2.82,5.65,3.45,0.701,4.97,2.32,2.67,−0.175,−2.02,−3.45,−1.79,−5.88,−5.96,−2.2,−3.67,−4.58,0.337,0.759,1.62,2.45,3.07,−0.475,2.1,2.51,2.54,2.26,2.86,2.96,−1.52,0.545,−0.236,0.58,0.831,2.3,2.57,2.98,2.78,4.37,1.65,2.43,3.51,3.45,5.13,3.84,3.28,2.73,2.7,2.75,0.797,−9.09
Brazil,7.11,2.19,−2.02,0.56,0.2,1.33,2.13,8.53,6.94,6.06,8.59,9.39,11.3,6.49,2.75,7.22,2.16,0.814,4.27,6.57,−6.62,−1.75,−5.61,2.94,5.64,5.77,1.55,−2.01,1.37,−4.84,−0.258,−2.15,2.94,3.63,2.75,0.596,1.79,−1.18,−1.01,2.91,0.0134,1.71,−0.123,4.5,2.03,2.83,4.97,4.05,−1.08,6.52,3.03,1.01,2.11,−0.352,−4.35,−4.07,0.508,0.989,0.652,−4.74
Barbados,,,,,,,,,,,,,,,−2.5,3.76,3.08,4.35,7.4,3.94,−2.25,−5.19,0.22,3.32,0.796,4.75,2.24,3.12,3.21,−3.67,−4.26,−6.04,0.419,1.62,1.61,3.55,4.3,3.29,−0.0812,4.04,−2.72,0.445,1.84,1.06,3.57,5.46,1.75,0.253,−5.47,−2.64,−0.974,−0.705,−1.61,−0.311,2.27,2.31,0.324,−0.723,−0.229,−17.7
Brunei,,,,,,,,,,,,,,,−3.72,15.5,6.76,2.96,18.4,−10,−22.3,0.911,−2.35,−2.21,−4.24,−5.44,−0.845,−1.73,−3.85,−1.75,0.242,1.82,−2.47,0.377,1.79,0.343,−3.79,−2.79,0.816,0.703,0.668,1.85,1.01,−1.21,−1.17,2.95,−1.1,−3.09,−2.91,1.35,2.41,−0.43,−3.44,−3.78,−1.63,−3.61,0.209,−0.992,2.83,0.234
Bhutan,,,,,,,,,,,,,,,,,,,,,12,0.828,7.7,1.86,1.16,8.04,25,1.64,4.76,8.59,−1.12,4.62,2.36,5.09,6.53,4.23,3.42,3.54,5.46,1.06,6.08,8.76,5.79,4.19,5.64,5.59,17,3.75,5.69,10.8,6.77,3.88,0.876,4.48,5.35,6.83,3.41,1.85,4.26,−7.8
Botswana,4.28,4.41,3.57,4.46,3.52,4.12,3.72,8.19,12.4,14.1,22.2,22.4,17.3,5.02,4.55,6.53,7.74,9.95,7.92,7.9,5.25,8.39,9.37,4.83,3.3,4.15,7.62,15,9.02,3.27,4.25,0.108,−0.675,1.1,4.47,3.33,5.82,−1.81,7.32,−0.0649,−1.63,4.21,2.83,0.894,2.61,6.19,5.99,4.02,−9.44,6.73,4.56,3.22,10.1,2.85,−3.19,2.41,0.797,2.21,0.806,−9.77
Central African Republic,3.28,−5.32,−2.43,0.225,−0.966,−1.36,2.51,−0.683,5,0.509,−0.483,−1.46,0.434,4.71,−1.34,3.39,1.62,−1.11,−4.89,−7.02,−4.37,4.45,−10.9,6.39,1.32,1.36,−6.7,−0.0695,0.0549,−4.27,−3.03,−8.98,−2.53,1.93,4.28,−6.48,2.69,2.2,1.2,−4.7,2.17,1.43,−7.32,3.89,−1.05,2.74,2.62,0.254,6.98,3.46,3.44,4.63,−36.6,−0.283,3.66,3.72,3.2,2.22,1.29,−1.75
Canada,1.12,5.45,3.41,4.65,4.41,4.74,1.25,3.32,3.63,,,,,,,,,,,,,,,,,,,,,,,,,,,,,1.95,3.13,3.95,0.31,2.3,2.88,2.95,4.01,3.12,5.84,−0.0803,−4.03,1.95,2.14,0.663,1.25,1.84,−0.0893,−0.136,1.81,0.993,0.43,−6.43
Channel Islands,,,,,,,,,,,,,,,,,,,,,,,,,,,,,,,,,,,,,,,3.03,5.19,−1.95,−1.96,−3.51,−0.209,0.741,3.97,4.77,,,,,,,,,,,,,
Switzerland,,,,,,,,,,,,,,,,,,,,,1.05,−1.88,0.208,2.64,3.22,1.33,0.949,2.52,3.49,2.62,−2.15,−1.14,−1.03,0.466,−0.188,0.0511,2.02,2.76,1.26,3.39,0.935,−0.759,−0.786,2.12,2.23,3.36,3.07,1.46,−3.3,2.2,0.793,0.148,0.658,1.2,0.507,0.937,0.641,2.26,0.363,−3.56
Chile,3.08,1.9,3.72,0.564,−0.934,9.25,1.84,1.88,2.25,0.186,7.67,−2.6,−6.53,0.782,−14.3,2.24,8.77,6.09,6.82,6.43,5.03,−12.2,−6.33,2.64,2.49,3.78,4.8,5.63,8.15,1.65,6.04,9.35,4.87,3.39,7.31,5.29,5.98,2.99,−1.63,4.09,2.15,2,3.01,6.1,4.65,5.2,3.79,2.43,−2.6,4.75,5.06,4.31,3.03,0.693,1.11,0.372,−0.247,2.28,−0.245,−6.58
China,−26.5,−6.35,7.62,15.5,14.2,7.61,−8.16,−6.57,13.8,16.1,4.16,1.29,5.33,0.218,6.82,−3.08,6.11,9.85,6.17,6.49,3.77,7.42,9.18,13.7,11.9,7.34,9.88,9.45,2.62,2.41,7.78,12.8,12.6,11.8,9.75,8.78,8.12,6.82,6.73,7.64,7.55,8.4,9.35,9.46,10.7,12.1,13.6,9.09,8.86,10.1,9.03,7.34,7.24,6.88,6.5,6.27,6.35,6.26,5.57,1.98
Cote d'Ivoire,6.06,−2.51,10.2,13.2,−6.67,7.58,0.905,8.51,5.42,5.95,4.8,−0.386,1.12,−0.441,3.34,7.85,2.54,6.02,−2.08,−14.8,−0.939,−4.04,−7.89,−6.63,0.412,−0.638,−3.99,−2.48,−0.701,−4.6,−3.5,−3.75,−3.65,−2.59,3.62,4.31,0.552,1.84,−1.19,−4.58,−2.25,−3.83,−3.42,−0.857,−0.407,−0.651,−0.445,0.271,0.917,−0.336,−6.64,8.04,6.23,6.1,6.13,4.5,4.66,4.2,3.56,−0.738
Cameroon,−0.886,0.871,1.5,1.25,−0.28,2.2,−13,3.79,2.33,0.52,0.852,0.0198,2.58,7.76,8.2,−8.13,10.5,18.5,2.94,−4.87,13.6,4.25,3.59,4.16,4.71,3.44,−5.21,−10.7,−4.83,−8.93,−6.64,−5.9,−10.5,−0.708,0.662,1.59,2.49,1.81,1.61,0.874,1.65,1.51,1.81,3.94,−0.707,0.674,2.06,0.681,−0.576,0.619,1.31,1.73,2.58,3.06,2.86,1.9,0.853,1.38,1.07,−1.81
"Congo, Dem. Rep.",−13.1,18.2,2.53,−4.99,−1.71,3.83,−3.77,1.38,6.26,−2.99,3.15,−2.49,5.3,0.392,−7.56,−7.95,−2.1,−8.03,−2.34,−0.501,−0.229,−2.89,−1.04,2.95,−2.09,1.98,−0.0756,−2.36,−4.28,−9.67,−11.7,−13.9,−16.8,−7.33,−2.51,−3.76,−7.92,−3.87,−6.5,−9.26,−4.77,−0.0312,2.39,3.43,2.81,1.98,2.85,2.78,−0.501,3.6,3.37,3.57,4.93,5.9,3.44,−0.908,0.401,2.46,1.11,−2.34
"Congo, Rep.",5.77,2.63,−6.43,1.17,0.981,−1.32,−0.627,4.69,4.57,3.36,4.68,5.48,5.08,4.75,4.6,−2,−11.6,3.31,6.66,14.3,14.2,20,2.82,3.95,−3.94,−9.42,−2.53,−0.977,−0.161,−1.72,−0.376,−0.175,−3.68,−8.09,1.1,1.36,−3.45,0.772,−5.36,4.51,0.883,1.66,−2.04,0.424,4.42,4.46,−9.77,2.72,8.03,6.63,−0.61,7.14,−3.13,4.14,−5.92,−12.9,−6.8,−7.27,−2.3,−10.2
Colombia,1.85,2.17,0.14,2.98,0.557,2.21,1.21,3.04,3.32,3.55,3.44,5.22,4.37,3.44,0.082,2.42,1.86,6.07,3.06,1.81,0.0596,−1.23,−0.592,1.18,0.973,3.67,3.26,2.01,1.39,2.25,0.0202,2.04,3.38,3.84,3.29,0.253,1.66,−1.11,−5.76,1.29,0.0968,0.951,2.39,3.85,3.42,5.35,5.43,2.08,0.0207,3.4,5.92,2.98,4.18,3.45,1.76,0.701,−0.163,1.01,1.89,−7.84
Comoros,,,,,,,,,,,,,,,,,,,,,0.665,3.35,1.97,1.29,−0.564,−1.04,−1.3,−0.308,−6.01,2.04,−8.14,5.4,0.0677,−7.94,0.752,−3.96,1.27,−1.36,−0.672,8.09,−0.159,−0.116,−0.3,−0.472,0.417,0.221,−1.59,1.53,0.744,1.32,1.61,0.736,2.01,−0.304,−1.23,0.962,1.48,1.14,−0.24,2.65
Cape Verde,,,,,,,,,,,,,,,,,,,,,6.64,0.88,7.34,1.78,6.72,1.26,2.84,4.5,3.96,−1.33,−1.02,7.96,5.65,15.9,11.3,8.74,8.72,10.3,9.12,12.2,0.466,3.53,2.56,8.58,5.43,6.57,13.7,5.37,−2.45,0.236,2.67,−0.195,−0.477,−0.658,−0.237,3.44,2.48,3.33,4.48,−15.7
Costa Rica,−1.84,1.61,3.07,0.0654,4.6,3.57,2.43,5.31,2.55,4.62,4.04,5.5,5.1,2.98,−0.432,2.84,6.09,3.48,2.16,−1.93,−4.87,−9.78,0.0998,5.14,−1.95,2.78,2.06,0.775,2.95,0.883,−0.374,6.4,4.37,1.9,1.61,−1.07,3.02,4.76,2.03,1.85,1.65,1.73,2.74,2.91,2.51,5.85,6.76,3.37,−2.14,4.06,3.15,3.65,1.33,2.39,2.53,3.11,3.09,1.05,1.19,−5.41
Cuba,,,,,,,,,,,6.68,3,1.71,−0.555,8.02,4.24,7.67,5.74,0.398,−5.42,19.1,8.46,4.98,7.39,0.93,−0.75,−3.38,2.6,−0.34,−3.8,−11.3,−12.1,−15.3,0.26,1.99,7.34,2.31,−0.285,5.75,5.52,2.83,1.11,3.52,5.57,11.1,12.1,7.36,4.25,1.54,2.4,2.7,2.83,2.51,0.831,4.27,0.422,1.77,2.26,−0.176,
Cayman Islands,,,,,,,,,,,,,,,,,,,,,,,,,,,,,,,,,,,,,,,,,,,,,,,0.102,−3.24,−9.69,−5.03,−0.937,−0.635,−0.36,1.11,1.38,1.85,1.85,2.91,2.58,
Cyprus,,,,,,,,,,,,,,,,21.2,16.3,7.38,9.05,4.61,0.829,4.77,4.72,7.36,3.62,2.52,5.91,7.5,6.42,5.14,−1.83,6.53,−1.7,3.73,6.42,−0.352,1.2,4.82,3.83,4.84,2.84,2.54,1.38,3.63,3.35,2.98,2.88,1.08,−4.61,−0.619,−2.13,−4.91,−6.34,−0.743,3.81,5.95,4.18,3.96,1.69,−6.39
Czech Republic,,,,,,,,,,,,,,,,,,,,,,,,,,,,,,,−11.4,−0.608,−0.042,2.87,6.57,4.39,−0.411,−0.262,1.49,4.29,3.43,1.77,3.61,4.78,6.45,6.48,4.96,1.84,−5.2,2.14,1.55,−0.924,−0.079,2.15,5.18,2.34,4.89,2.85,1.91,−5.84
Germany,,,,,,,,,,,2.94,3.8,4.45,0.851,−0.496,5.4,3.58,3.1,4.1,1.2,0.376,−0.3,1.84,3.18,2.56,2.24,1.25,3.3,3.1,4.35,4.35,1.15,−1.63,2.04,1.25,0.514,1.64,2,1.82,2.77,1.51,−0.366,−0.755,1.2,0.789,3.93,3.11,1.15,−5.45,4.34,5.87,0.23,0.164,1.78,0.617,1.41,2.22,0.964,0.329,−5.07
Djibouti,,,,,,,,,,,,,,,,,,,,,,,,,,,,,,,,,,,,,,,,,,,,,,,,,,,,,,5.23,5.89,4.92,3.73,6.73,6.15,−0.969
Dominica,,,,,,,,,,,,,,,,,,9.29,−19.1,12.8,10.8,4.55,3.28,5.1,2.31,8.07,7.33,8.77,0.5,5.87,1.41,1.78,1.77,−0.284,2.94,3.35,2.68,4.38,0.864,2.6,−0.094,−3.06,5.96,2.63,0.381,4.46,6.23,7.07,−1.2,0.631,−0.273,−1.12,−1.09,4.34,−2.81,2.37,−7,2.06,3.2,−16.9
Denmark,5.64,4.85,−0.153,8.4,3.74,1.92,4.7,4.91,5.92,0.836,2.29,3.34,3.47,−1.58,−1.74,5.66,1.55,1.91,3.61,−0.604,−0.638,3.76,2.67,4.22,3.96,4.76,0.127,−0.0622,0.585,1.31,1.13,1.62,−0.322,4.98,2.49,2.32,2.83,1.85,2.61,3.4,0.463,0.146,0.117,2.4,2.06,3.57,0.463,−1.09,−5.41,1.42,0.92,−0.15,0.513,1.11,1.62,2.44,2.16,1.67,2.48,−3.02
Dominican Republic,−5.53,13.2,3.08,3.38,−15.2,10,0.237,−2.7,7.71,14.9,7.82,7.42,9.91,3.26,2.53,4.08,2.42,−0.295,2.09,5.51,1.96,−0.512,2.4,−0.86,−4.13,1.44,7.94,0.169,2.39,−7.25,−0.957,9.15,5.4,0.768,3.85,4.2,7.11,5.03,4.3,3.08,0.943,2.98,−2.74,1.15,7.95,7.74,6.03,1.91,−0.305,7.02,1.89,1.5,3.65,5.82,5.72,5.47,3.52,5.83,3.96,−7.66
Algeria,−15.7,−21.6,31,3.16,3.42,−7.4,6.38,7.65,5.36,5.83,−13.8,24,1.01,4.57,2.14,5.35,2.28,6.08,4.33,−2.22,−0.131,3.13,2.16,2.39,0.612,−2.52,−3.51,−3.71,1.64,−1.75,−3.6,−0.565,−4.25,−2.93,1.84,2.29,−0.52,3.53,1.75,2.4,1.66,4.26,5.84,2.93,4.44,0.215,1.81,0.738,−0.135,1.75,0.98,1.4,0.762,1.71,1.6,1.1,−0.75,−0.811,−1.13,−7.2
Ecuador,2.19,1.97,−0.778,4.35,0.318,−3.21,1.6,−1.04,1.65,3.81,3.26,2.05,10.8,8.13,7.94,4.51,−1.09,2.94,1.05,1.05,2.93,−1.92,−2.82,0.0854,1.38,0.944,−2.67,3.36,−1.38,1.26,1.89,−0.207,−0.309,1.96,0.0459,−0.424,2.16,1.18,−6.6,−0.814,2.13,2.28,0.985,6.41,3.54,2.67,0.495,4.61,−1.06,1.89,6.22,4.07,3.39,2.2,−1.51,−2.9,0.574,−0.483,−1.65,−9.16
Egypt,2.34,1.12,7.61,8.6,2.2,2.34,−1.77,−4.08,2.71,3.12,1.71,0.798,1.28,−0.627,6.56,10.8,6.55,6.14,2.09,7.37,4.71,7.16,2.42,6.91,3.02,1.96,1.06,2.68,2.26,3.13,−1.15,2.26,0.815,1.91,2.56,2.9,3.39,3.49,3.99,4.34,1.59,0.482,1.29,2.2,2.6,4.97,5.23,5.27,2.74,3.08,−0.364,−0.013,−0.106,0.617,2.09,2.13,2.03,3.19,3.49,1.6
Eritrea,,,,,,,,,,,,,,,,,,,,,,,,,,,,,,,,,14.4,22.3,3.52,9.64,7.97,1.25,−1.37,−5.47,4.99,−1.41,−7.14,−2.98,−1.3,−4.08,−1.22,−11.7,1.97,0.566,7.21,,,,,,,,,
Spain,10.8,8.95,8.64,4.27,5.11,6.15,3.06,5.21,7.84,3.14,3.4,6.96,6.6,4.47,−0.539,2.22,1.79,0.491,−0.837,1.39,−0.84,0.64,1.28,1.36,1.95,2.95,5.27,4.87,4.66,3.68,2.29,0.436,−1.54,1.9,2.3,2.23,3.27,3.96,4.07,4.78,3.21,1.29,1.14,1.36,1.92,2.36,1.7,−0.71,−4.61,−0.297,−1.17,−3.02,−1.11,1.69,3.92,2.94,2.73,1.98,1.22,−11.2
Estonia,,,,,,,,,,,,,,,,,,,,,,,,,,,,,,,,,,,,6.5,14.3,5.34,−0.696,9.58,6.66,7.48,8.24,7.41,10.1,10.4,8.07,−4.83,−14.3,2.92,7.75,3.48,1.71,3.26,1.78,3.16,5.37,3.99,4.61,−3.24
Ethiopia,,,,,,,,,,,,,,,,,,,,,,−1.84,4.98,−5.89,−13.9,6.23,10.3,−2.7,−3.62,−0.739,−10.4,−11.9,9.17,−0.336,2.65,8.92,0.0518,−6.25,2.16,3.06,5.23,−1.35,−4.91,10.4,8.73,7.81,8.44,7.79,5.84,9.46,8.09,5.62,7.5,7.21,7.39,6.51,6.68,4.05,5.6,3.4
Finland,6.85,2.28,2.56,4.65,4.95,1.99,1.62,1.85,9.66,5.21,2.23,7.1,6.38,2.7,1.35,0.0423,−0.0405,2.62,6.85,5.06,0.885,2.53,2.5,2.69,3.12,2.42,3.28,4.91,4.71,0.225,−6.4,−3.84,−1.14,3.52,3.82,3.33,6.02,5.18,4.14,5.55,2.38,1.46,1.76,3.69,2.43,3.63,4.85,0.316,−8.51,2.71,2.07,−1.87,−1.36,−0.776,0.213,2.52,2.95,1.18,1.16,−2.93
Fiji,0.0189,0.0609,2.79,1.56,−5.52,−2.61,10.7,5.54,0.43,10.4,4.67,5.26,9.34,0.555,−1.42,0.824,4,0.0106,10,−3.73,3.76,−8.41,−6.37,6.07,−6.13,6.72,−7.02,0.795,7.19,5.22,−3.6,4.81,0.711,3.64,1.2,3.6,−3.23,0.362,7.97,−2.27,1.64,3.03,0.898,5.07,0.241,1.08,−1.84,−0.0633,−2.34,2.21,2.27,1.22,4.67,5.5,4.24,2,4.75,3.1,−1.17,−19.6
France,3.6,5.36,4.75,5.25,3.63,4.18,4,3.68,6.31,5.3,4.49,3.68,5.52,3.55,−1.58,3.8,2.99,3.55,3.13,1.13,0.579,1.97,0.69,0.948,1.05,1.76,1.98,4.15,3.78,2.4,0.49,1.1,−1.06,1.98,1.74,1.05,1.97,3.21,2.89,3.21,1.24,0.403,0.111,2.08,0.9,1.74,1.79,−0.304,−3.37,1.45,1.7,−0.171,0.0599,0.479,0.754,0.829,2,1.51,1.29,−8.31
"Micronesia, Fed. Sts.",,,,,,,,,,,,,,,,,,,,,,,,,,,−1.14,0.32,1.24,1.33,4.74,1.33,5.52,−2.53,5.52,−3.88,−6.2,3.1,1.79,5.19,2.39,0.681,1.69,−2.83,2.51,0.641,−0.96,−1.57,1.66,2.31,2.66,−2.86,−4.97,−3.69,3.24,−0.317,1.53,−0.837,0.159,
Gabon,13.7,6.3,4.8,3.1,6.61,2.63,2.06,0.387,5.86,6.53,8.19,9.32,8.2,36.9,16.8,32.8,−14.5,−25.8,−1.89,0.0754,2.5,−5.54,2.9,4.7,−4.93,−3.48,−19.4,9.76,5.58,2.34,3.25,−5.68,1.2,1.02,2.29,1.02,3.11,0.937,−11.1,−4.22,−0.272,−2.6,−0.203,−1.83,−0.0382,−5.5,2.95,−6.24,−3.09,3.45,3.25,1.34,1.72,0.62,0.471,−0.969,−2.3,−1.75,1.39,−3.68
Isle of Man,,,,,,,,,,,,,,,,,,,,,,,,,−0.308,17.4,7.79,9.44,4.78,2.66,0.694,0.328,2.36,3.66,3.62,6.59,7.18,11.9,12.1,4.01,4.36,5.37,5.25,4.36,4.87,6.39,6.04,3.51,1.05,2.82,1.96,7.75,4.82,5.78,−0.0794,6.87,2.45,1.65,,
United Kingdom,1.9,0.249,4.09,4.85,1.49,1.01,2.23,4.93,1.5,2.97,3.07,3.97,6.32,−2.55,−1.47,2.94,2.49,4.2,3.66,−2.15,−0.822,2.03,4.19,2.11,3.91,2.91,5.17,5.5,2.31,0.433,−1.41,0.13,2.24,3.58,2.26,2.23,4.71,3.41,2.95,3.14,2.34,1.75,2.84,1.71,2.25,1.94,1.57,−1.06,−4.84,1.28,0.487,0.728,1.5,2.11,1.56,0.954,1.05,0.641,0.801,−10.3
Georgia,,,,,,6.31,5.21,3.51,3.8,11,1.41,1.8,5.55,7.87,6.59,5.34,6.17,6.8,6.58,3.7,4.41,1.14,3.39,4.53,4.03,−8.99,0.449,4.52,−7.44,−14.8,−21.7,−45.3,−29.8,−9.01,6.53,15.3,14.1,5.69,5.01,3.84,6.44,6.42,11.8,6.45,10.3,10,13.2,2.73,−2.79,7.03,8.26,7.16,3.93,4.38,2.86,2.84,4.83,4.88,5.16,−6
Ghana,0.212,0.816,1.14,−0.838,−1.45,−6.69,0.65,−1.91,3.54,7.02,2.43,−5.2,0.0245,4.05,−14.5,−5.55,0.343,6.48,−4.46,−1.81,−5.99,−9.54,−7.39,5.39,1.98,2.15,1.8,2.64,2.11,0.392,2.28,0.92,1.9,0.463,1.34,1.92,1.6,2.14,1.87,1.19,1.48,1.97,2.65,3.01,3.27,3.72,1.69,6.37,2.21,5.25,11.3,6.73,4.85,0.526,−0.17,1.08,5.75,3.9,4.23,−1.7
Guinea,,,,,,,,,,,,,,,,,,,,,,,,,,,0.239,3.09,0.884,1.29,−0.255,0.486,2.29,1.27,1.9,1.74,2.46,1.02,1.31,0.19,1.49,3.09,−0.683,0.361,0.919,−0.961,4.45,1.77,−3.36,2.47,3.3,3.61,1.65,1.3,1.27,7.93,7.29,3.39,2.69,4.04
Gambia,,,,,,,−2.61,6.59,−0.433,3.14,−2.93,−2.67,6.02,2.68,8.91,3.92,0.0418,2.79,−4.56,2.85,0.128,−3.77,7.39,−0.101,−4.76,−0.56,−2.46,−0.598,1.02,−0.772,−0.744,−0.123,−0.23,−2.9,−2.19,−0.895,1.72,0.357,3.15,2.25,2.5,−6.29,3.5,3.72,−5.34,−3.54,0.00181,3.15,3.54,2.78,−10.9,2.1,−0.202,−4.35,0.974,−1.06,1.76,4.12,3,−2.85
Guinea-Bissau,,,,,,,,,,,−5.71,4.32,−0.741,2.97,6.67,4.34,−7.33,13.1,1.65,−16.7,16.4,2.07,−5.7,6.41,1.67,−3.06,0.62,2.33,3.79,3.76,2.75,−1.16,−0.157,0.981,2.24,9.39,4.46,−29.5,−0.928,3.31,0.0404,−3.14,−1.69,0.399,1.83,−0.116,0.778,0.679,0.793,1.95,5.29,−4.28,0.545,−1.67,3.4,3.57,3.27,−1.21,1.96,−4.73
Equatorial Guinea,,,,,,,,,,,,,,,,,,,,,−0.00735,−5.08,−3.03,−6.1,6.31,−6.81,0.632,−0.463,−4.06,−4.7,−4.14,30.4,7.34,12.7,13.3,60.4,140,18.9,20.6,13.5,56.8,14.6,9.26,32.2,11.7,2.9,10.1,12.4,−3.24,−13,1.86,3.66,−8.16,−3.69,−12.7,−12.3,−9.17,−9.6,−9.24,−8.08
Greece,12.3,−0.231,11.4,9.01,10.3,5.71,4.81,6.51,11.2,8.4,7.37,9.45,7.6,−6.78,5.37,5.21,1.61,5.87,2,−0.307,−2.43,−1.74,−1.65,1.5,2.11,0.186,−2.59,3.91,3.26,−1.05,1.87,−0.0663,−2.18,1.49,1.62,2.41,3.97,3.32,2.68,3.5,3.59,3.54,5.54,4.8,0.305,5.34,3.01,−0.599,−4.55,−5.6,−10,−6.58,−2.03,1.37,0.246,−0.0751,1.48,1.77,1.96,−8.2
Grenada,,,,,,,,,,,,,,,,,,6.66,6.2,−1.01,−0.234,1.3,0.516,0.99,4.41,6.95,9.93,4.33,5.05,4.66,1.24,−1.56,−3.03,0.556,1.17,3.7,4.43,11.3,6.47,4.47,−2.41,3.04,9.08,−0.974,12.9,−4.25,5.88,0.685,−6.9,−0.923,0.237,−1.77,1.67,6.63,5.76,3.11,3.87,3.6,1.48,−11.6
Greenland,,,,,,,,,,,11.1,3.76,5.28,4.64,0.443,5.75,9.48,6.45,4.01,7.38,−0.914,−5.35,2.27,−6.26,2.68,6.5,4.35,4.25,5.7,−12.2,0.0665,−4.77,−4.86,5.35,3.17,1.35,1.29,7.57,1.38,6.91,0.999,−1.42,4.14,6.63,4.94,5.86,2.75,6.59,0.875,0.695,−0.47,1.54,−0.727,5.09,−2.21,4.55,0.494,3.49,,
Guatemala,1.28,0.541,6.39,1.65,1.43,2.59,1.29,5.9,2.06,3.09,3.05,4.82,4.33,3.96,−0.326,5.01,5.41,2.61,2.24,1.2,−1.93,−6.07,−5.18,−2.22,−3.31,−2.59,0.717,1.06,1.11,0.321,0.908,2.12,1.31,1.47,2.41,0.513,1.93,2.54,1.42,1.12,−0.0966,1.48,0.348,0.968,1.15,3.24,4.26,1.32,−1.4,1.01,2.29,1.16,1.89,2.65,2.35,0.989,1.42,1.68,2.26,−3
Guam,,,,,,,,,,,,,,,,,,,,,,,,,,,,,,,,,,,,,,,,,,,0.528,6.24,3.44,−3.8,0.591,1.91,0.316,2.13,−0.0796,1.94,1.42,1.42,0.3,−0.492,0.0715,−1.79,1.05,
Guyana,1.59,−1.73,−14.6,8.7,8.16,3.23,2.56,−0.489,5.52,2.9,1.85,−4.42,0.141,6.54,7.32,0.426,−3.7,−2.79,−2.61,1.23,1.29,−13.1,−6.52,−4.57,3.03,−0.124,1.83,−2.82,−4.27,−2.77,5.89,7.16,7.38,7.85,4.7,8.03,6.58,−1.13,3.52,−0.973,2.49,1.19,−0.679,1.48,−2.01,5.1,7.17,1.56,3.75,3.54,4.98,4.91,3.12,1.14,0.154,3.28,3.22,3.93,4.85,42.8
"Hong Kong, China",,9.55,11.8,6.03,11.7,0.897,−0.932,1.23,9.58,6.58,5,8.51,9.16,−0.771,−1.4,14.7,10.1,6.32,5.62,7.21,6.72,1.36,4.38,8.9,−0.32,9.68,12.3,7.6,1.22,3.5,4.83,5.35,4.39,3.67,0.367,−0.268,4.23,−6.67,1.53,6.72,−0.177,1.21,3.26,7.86,6.92,6.35,5.55,1.52,−2.67,5.99,4.11,0.584,2.69,2.04,1.52,1.54,3.02,2.03,−2.42,−5.76
Honduras,−0.951,2.86,0.727,2.49,5.97,2.37,2.93,3.5,−2.28,0.608,0.967,2.68,4.71,−4.14,−0.914,7.17,7.04,2.74,2.4,−2.45,−4.21,−5.02,−2.12,3.17,2.51,2.25,3.54,−1.19,−0.21,−0.125,−6.04,3.12,3.54,−2.58,3.21,−1,1.64,0.681,−3.48,4.4,0.0242,1.1,1.94,3.66,3.55,4.12,3.82,1.98,−4.46,1.65,1.84,2.2,0.948,1.25,2.05,2.12,3.08,2.13,0.983,−10.4
Croatia,,,,,,,,,,,,,,,,,,,,,,,,,,,,,,,,,,,,7.37,6.72,2.35,−0.519,3.88,7,5.62,5.61,4.13,4.17,4.97,5.09,1.91,−7.23,−1.09,0.147,−2.09,−0.169,0.0653,3.28,4.22,4.69,3.73,3.43,−7.96
Haiti,−4.8,5.81,−3.77,−3.53,0.216,−2.47,−3.98,1.25,1.92,−1.13,4.67,−0.696,3.02,3.98,−0.681,6.41,1.69,4.06,5.3,5.03,−5.04,−5.8,−1.45,−2.02,−1.66,−2.67,−2.9,−1.87,−4.88,−0.974,−0.116,−7.13,−7.22,−13.6,7.88,2.26,0.871,0.382,0.928,−0.855,−2.01,−0.751,1.66,−2.84,1.95,0.117,3.9,0.872,4.67,−5.27,4.57,−0.924,1.6,1.95,0.225,0.367,0.96,0.381,−2.9,−4.56
Hungary,,,,,,,,,,,,,,,,,,,,,,,,,,,,,,,,−3.03,−0.463,3.09,1.63,0.254,3.35,4.14,3.36,4.75,4.31,5.04,4.38,5.06,4.45,4.19,0.398,1.24,−6.55,1.35,2.23,−0.87,2.14,4.51,4.07,2.44,4.59,5.53,4.69,−4.75
Indonesia,2.99,−0.822,−4.81,0.791,−1.61,0.0393,−1.34,7.94,3.98,4.71,4.22,4.26,5.33,4.91,2.36,4.26,6.14,4.23,4.8,7.32,5.43,−0.0902,1.86,4.65,0.314,3.74,2.89,3.8,5.51,5.35,5.07,4.71,4.76,5.84,6.56,6.22,3.19,−14.4,−0.605,3.48,2.24,3.09,3.38,3.63,4.29,4.11,4.95,4.62,3.25,4.81,4.75,4.61,4.15,3.64,3.56,3.76,3.84,3.99,3.87,−3.11
India,1.67,0.861,3.84,5.25,−4.64,−2.12,5.59,1.23,4.27,2.86,−0.626,−2.82,0.919,−1.15,6.64,−0.653,4.83,3.32,−7.39,4.3,3.57,1.09,4.83,1.46,2.9,2.48,1.72,7.3,3.73,3.37,−0.984,3.39,2.71,4.61,5.53,5.53,2.12,4.25,6.9,2.02,3.03,2.06,6.09,6.19,6.23,6.4,6.05,1.59,6.35,7.04,3.89,4.17,5.14,6.19,6.8,7.08,5.67,5.43,2.99,−8.87
Ireland,,,,,,,,,,,2.27,4.92,3.06,2.55,3.93,−0.124,6.76,5.68,1.71,1.9,2.12,1.32,−0.949,3.71,2.92,−0.474,4.65,5.67,6.23,8.38,1.35,2.64,2.18,5.34,9.07,6.52,9.91,7.6,9.27,7.96,3.65,4.13,1.34,4.85,3.46,2.2,2.32,−6.37,−6.03,1.22,0.163,−0.296,0.695,7.85,24,0.849,7.95,7.18,4.13,2.17
Iran,8.6,5.81,4.5,6.39,14.2,8.32,8.69,11.8,13.2,8.21,11.4,11.4,5.64,3.59,−5.14,13.8,−6.98,−16.7,−13.5,−30,−8.82,21.9,4.2,−12.4,−1.91,−13.7,−3.19,−8.81,2.65,10.7,9.84,0.935,−0.567,−2.88,0.866,3.76,−0.841,0.84,−0.357,4.48,−0.4,5.95,7.37,3.13,1.99,3.82,6.97,−0.839,−0.107,4.6,1.45,−8.55,−1.42,3.27,−2.61,11.9,2.33,−7.32,−8.04,0.356
Iraq,,,,,,,,,−0.255,1.04,1.9,0.371,1.07,12.4,8.9,13.4,−1.32,13.4,17.2,21.2,−3.49,0.651,−15.3,−3.92,−0.929,2.32,6.97,−2.16,−5.3,54,−65,28.9,26.5,0.749,−0.972,7.64,17.5,30.7,14,13.5,−1.23,−10.9,−38.4,49.5,−0.626,3.62,0.195,6.42,1.28,3.65,4.1,9.78,3.52,−3.46,1.31,10.6,−4.22,−3.48,2.12,−12.4
Iceland,−2.01,6.32,8.34,7.98,5.53,6.91,−2.85,−6.76,1.43,,,,,,,,,,,,,,,,,,,,,,,,,,,4,4.91,6.22,2.78,3.56,2.64,−0.334,1.44,6.86,4.46,3.85,5.75,0.326,−7.98,−2.69,1.54,0.527,3.57,0.562,3.35,4.84,1.78,1.95,0.338,−8.14
Israel,7.59,4.97,6.69,3.75,5.35,−2.59,−1.36,13.8,10.6,,,,,,,,,,,,,,,,,,,,,,,,,,,2.29,1.31,1.63,0.498,4.74,−2.23,−1.95,−0.686,2.38,2.02,3.74,3.88,1.19,−1.46,3.67,2.71,0.557,2.27,1.95,0.213,1.81,1.57,1.5,1.49,−4.16
Italy,7.49,5.49,4.84,1.96,2.4,5.16,6.41,5.87,5.5,4.71,1.34,3.1,6.4,4.81,−2.67,6.59,2.13,2.87,5.65,3.22,0.723,0.339,1.13,3.2,2.77,2.85,3.18,4.14,3.31,1.9,1.47,0.766,−0.913,2.13,2.89,1.24,1.78,1.78,1.61,3.74,1.89,0.105,−0.306,0.769,0.324,1.49,0.976,−1.62,−5.71,1.4,0.534,−3.24,−2.97,−0.918,0.875,1.47,1.82,1.13,1.45,−8.6
Jamaica,,,,,,,0.521,4.44,4.22,10.5,0.917,16.1,−7.02,−5.73,−1.72,−7.94,−3.79,−1.24,−2.31,−7.02,1.05,0.372,0.219,−3.02,−4.15,0.904,7.07,3.36,6.55,3.49,4,1.06,8.38,0.395,1.35,−1.09,−2.11,−3.27,0.134,0.0419,0.587,1.31,3.03,0.744,0.342,2.36,0.926,−1.3,−4.82,−1.97,1.17,−1.18,−0.0654,0.115,0.367,0.844,0.492,1.4,0.433,−10.6
Jordan,,,,,,,,,,,,,,,,,5.51,11.7,17.4,7.68,13,2.91,−6.17,0.0576,−6.59,1.47,−1.48,−2.42,−14.5,−4.93,−3.65,8.11,−1.08,0.00185,2.07,−1.02,0.843,1.02,1.59,2.4,3.36,3.79,1.93,5.72,4.67,4.02,3.62,2.31,−0.107,−2.87,−2.64,−2.98,−2.56,−1.25,−1.35,−1.08,−0.328,0.0982,0.579,−2.53
Japan,11,7.9,7.38,10.5,4.69,9.63,9.94,11.6,11.1,−0.751,2.43,6.91,6.52,−2.53,1.79,2.87,3.38,4.32,4.59,2.01,3.45,2.6,2.81,3.83,4.58,2.78,4.23,6.34,4.44,4.55,3.01,0.474,−0.84,0.711,2.5,2.87,0.836,−1.4,−0.434,2.61,0.165,−0.115,1.31,2.17,1.65,1.36,1.54,−1.14,−5.4,4.17,0.0698,1.66,2.15,0.508,1.33,0.638,2.34,0.527,0.48,
Kazakhstan,,,,,,,,,,,,,,,,,,,,,,,,,,,,,,,−11.6,−5.23,−8.88,−11.3,−6.29,2.04,3.32,−0.19,3.69,10.1,13.7,9.8,8.93,8.84,8.73,9.54,7.66,1.38,−0.786,5.79,5.87,3.33,4.49,2.68,−0.268,−0.328,2.69,2.74,3.16,−3.85
Kenya,−10.6,6.05,5.35,1.62,−1.28,11,−0.0481,4.37,4.29,−7.95,17.9,12.9,2.08,0.273,−2.82,−1.62,5.4,2.93,3.58,1.61,−0.159,−2.34,−2.51,−2.04,0.467,3.3,2.17,2.5,1.12,0.725,−1.86,−3.95,−2.76,−0.468,1.33,1.16,−2.35,0.44,−0.485,−2.13,0.987,−2.14,0.181,2.28,3.04,3.58,3.93,−2.5,0.504,5.49,3.29,1.82,3.14,2.69,3.12,3.35,2.36,3.9,3,−2.53
Kyrgyz Republic,,,,,,,,,,,,,,,,,,,,,,,,,,,1.35,11.2,0.664,3.69,−9.44,−14.8,−15.5,−20.1,−6.36,5.51,8.32,0.567,2.13,4.19,4.33,−0.931,5.91,5.74,−1.3,2,7.51,7.38,1.65,−1.65,4.67,−1.74,8.74,1.96,1.76,2.23,2.73,1.71,2.44,−10.5
Cambodia,,,,,,,,,,,,,,,,,,,,,,,,,,,,,,,,,,−37,6.41,2.75,1.1,1.96,9.99,7.56,5.97,4.62,6.66,8.56,11.5,9.09,8.58,5.12,−1.4,4.34,5.38,5.58,5.6,5.4,5.41,5.28,5.22,5.88,5.52,−4.49
Kiribati,,,,,,,,,,,−3.86,10.4,19.1,43.2,3.85,−27.8,−6.02,−0.438,−12.9,−17.7,−4.6,5.46,−2.16,3.15,−8.73,−3.12,−11.5,6.26,−5.76,−2.99,−1.76,−0.573,−0.388,0.454,−1.35,0.164,0.0387,4.77,−3.21,4.44,−3.12,2.05,0.247,−3.43,2.88,−2.19,−0.28,−4.3,−1.36,−2.85,−0.156,3.11,2.74,−2.06,8.87,3.64,−0.544,0.821,0.712,0.96
St. Kitts and Nevis,,,,,,,,,,,,,,,,,,4.48,8.22,9.07,2.11,1.09,1.8,9.59,9.39,11.9,7.69,10.3,6.21,5.12,−2.16,3.47,5.63,4.09,4.23,4.86,5.86,−1.33,2.28,8.89,4.03,0.0975,−5.15,2.71,8.49,2.1,−0.318,5.22,−4.88,−1.44,0.941,−3.09,4.45,5.35,0.189,1.98,−2.74,2.14,1.29,−11.3
South Korea,3.81,0.967,6.03,6.65,4.62,9.21,6.56,10.6,12,7.68,8.39,5.22,12.9,7.65,6.04,11.4,10.6,9.28,7.04,−3.17,5.59,6.68,11.7,9.2,6.78,10.2,11.6,10.9,6.02,8.8,9.69,5.1,5.8,8.17,8.52,6.87,5.18,−5.81,10.7,8.15,4.05,7.1,2.61,4.78,4.09,4.71,5.27,2.23,0.275,6.27,2.89,1.87,2.7,2.56,2.27,2.54,2.87,2.42,1.84,−1.09
Kosovo,,,,,,,,,,,,,,,,,,,,,,,,,,,,,,,,,,,,,,,,,26.9,−0.768,5.91,2.54,5.96,3.67,6.43,5.45,2.77,2.48,3.48,1.89,2.81,1.52,5.53,4.69,3.44,3.46,5.42,−6.18
Kuwait,,,,,,,,,,,,,,,,,,,,,,,,,,,,,,,,,,,,−0.69,−2.52,−3.18,−7.85,−0.0909,−2.56,1.39,16,8.29,7.21,2.83,0.473,−3.38,−12.5,−7.95,3.53,0.869,−3.94,−3.98,−3.2,−0.229,−7.04,−0.741,−1.24,
Lao,,,,,,,,,,,,,,,,,,,,,,,,,2.18,1.95,−4.24,−4.82,10.9,3.71,1.42,2.72,3.17,5.51,4.59,4.67,4.77,2.06,5.45,4.04,4.07,4.31,4.48,4.75,5.44,6.87,5.81,6.01,5.72,6.78,6.36,6.4,6.43,6.02,5.66,5.39,5.24,4.62,3.87,−1.03
Lebanon,,,,,,,,,,,,,,,,,,,,,,,,,,,,,−43.3,23.1,43.4,10.6,4.96,3.11,2.68,8.75,−0.264,2.68,−1.97,−1.16,−0.0169,−1.31,−1.62,2.45,−0.142,0.248,9.14,9.13,9.13,4.92,−3.96,−3.67,−2.78,−3.23,−3.96,−1.22,−0.703,−2.5,−6.65,−19.9
Liberia,,,,,,,,,,,,,,,,,,,,,,,,,,,,,,,,,,,,,,,,,−0.755,1.33,−31.3,0.702,2.58,4.44,5.34,2.81,1.2,2.36,4.8,4.91,5.82,−1.87,−2.52,−4.06,−0.0469,−1.23,−4.62,−5.18
Libya,,,,,,,,,,,,,,,,,,,,,,,,,,,,,,,,,,,,,,,,2.09,−3.3,−2.53,11.2,2.82,10.2,4.9,4.79,1.24,−2.01,3.94,−62.4,122,−14.1,−24.5,−9.66,−3.9,25,13.4,1.04,−32.2
St. Lucia,,,,,,,,,,,,,,,,,,8.66,2.23,−3.61,4.88,0.777,3.61,5.78,6.62,12.4,2,11.8,7.04,8.11,−1.05,6.62,−0.57,0.423,0.507,1.56,−2.06,4.83,1.37,−1.07,−4.29,−0.345,3.53,6.41,−1.38,4.93,0.317,3.49,−4.08,0.513,4.61,−0.83,−3.64,1.3,−1.81,3.47,2.96,2.11,1.23,−20.6
Liechtenstein,,,,,,,,,,,−0.488,−0.313,−0.129,−0.211,−0.287,2.58,2.54,2.59,2.72,3.07,3.42,−2.72,−0.426,3.37,6.01,3,8.12,4.51,3.34,1.04,0.489,2.25,2.82,5.36,4.27,5.3,5.62,6.17,8.86,1.92,−1.8,−1.99,−2.76,2.23,4,7.85,2.62,1.07,−1.86,,,,,,,,,,,
Sri Lanka,,1.41,0.143,1.49,0.13,2.53,3.91,3.32,5.27,1.59,−0.776,−2.36,5.04,1.92,4.17,1.43,3.18,3.76,4.57,4.11,4.06,2.61,3.32,3.62,3.52,2.88,0.289,1.05,0.932,5.05,3.35,3.22,5.78,4.61,4.64,3.1,5.81,4.17,3.75,5.35,−2.24,3.14,5.05,4.56,5.38,6.84,6.01,5.2,2.82,7.28,7.68,9,2.59,3.99,4.05,3.34,2.41,2.19,1.63,−4.08
Lesotho,−0.00173,13.2,8.5,6.13,0.0995,−2.47,8.55,−2.54,−0.696,−0.109,2.75,−2.47,23.4,8.26,−15.8,8,18.3,14.9,−0.0649,−5.47,−2.05,1.69,−0.637,2.92,0.16,2.3,−1.46,6.3,3.54,3.73,4.59,4.57,1.24,3.75,1.26,3.65,1.92,0.0396,−0.629,3.21,3.41,1.02,5.15,2.32,3.98,4.55,4.35,5.51,−1.4,4.98,4.19,5.74,1.11,0.968,2.35,2.79,−3.91,−2.01,−1.18,−11.8
Lithuania,,,,,,,,,,,,,,,,,,,,,,,,,,,,,,,,,,,,5.96,9.11,8.26,−0.438,4.43,7.41,7.61,11.5,7.77,9.5,9.14,12.4,3.68,−13.9,3.81,8.46,5.25,4.6,4.43,2.99,3.83,5.75,4.93,4.62,−0.892
Luxembourg,2.89,0.125,2.37,6.66,−1.86,0.381,−0.112,3.92,9.44,3.99,1.69,5.31,7.12,2.86,−7.59,2.03,1.39,3.89,2.11,0.483,−0.844,1.05,2.96,6.08,2.59,9.49,3.28,7.68,8.74,4.01,7.2,0.476,2.81,2.42,0.0173,0.0177,4.39,4.73,7.03,6.79,1.32,2.74,0.402,2.15,1.61,3.51,6.69,−3.03,−6.11,2.97,0.285,−2.72,1.29,1.87,1.87,2.34,−0.644,1.14,0.309,−3.23
Latvia,,,,,,,,,,,,,,,,,,,,,,,,,,,,,,,,,,,,3.73,9.95,7.35,3.58,6.7,7.7,8.33,9.49,9.69,11.9,13,10.9,−2.31,−12.8,−2.4,8.43,5.55,3.41,2.03,4.86,3.31,4.17,4.84,2.74,−3
"Macao, China",,,,,,,,,,,,,,,,,,,,,,,5.9,4.08,−3.38,2.32,9.63,3.58,1.24,4.52,0.784,10.6,2.95,2.15,1.23,−2.41,−2.26,−6.5,−4.41,3.43,0.502,6.27,8.89,23.6,5.55,10.9,12,1.24,−0.875,22.4,18.8,6.68,8.2,−4.18,−23,−2.41,8.26,4.94,−3.97,−56.9
Morocco,,,,,,,7.35,7.32,5.92,2.43,3.38,0.341,1.45,3.39,5.22,8.31,3.58,−0.208,2.26,1.13,−4.12,6.32,−1.03,3.96,3.66,6.97,−2.32,9.72,0.923,1.51,5.28,−3.83,−2.44,8.79,−6.86,10.8,−2.89,5.86,−0.179,0.667,6.03,1.89,4.71,3.57,2.08,6.32,2.32,4.67,2.96,2.49,3.84,1.58,3.06,1.23,3.1,−0.287,2.9,1.84,1.22,−8.24
Monaco,,,,,,,,,,,4.19,3.22,4.83,2.86,−2.44,3.1,2.4,2.84,2.35,0.313,−0.601,0.686,−0.455,−0.0105,0.562,1.7,2.11,4.33,3.89,2.21,0.347,0.586,−1.85,1.24,1.14,0.23,1.36,2.57,2.39,2.9,1.16,0.0102,0.0505,1.38,0.863,4.73,13.3,−0.303,−12.2,0.993,5.76,−0.202,8.29,5.99,3.78,2.56,−4.21,5.3,6.71,
Moldova,,,,,,,,,,,,,,,,,,,,,,,,,,,,,,,,,,,,−5.69,2.02,−6.5,−3.22,2.32,6.34,8.05,6.9,7.67,7.76,5.09,3.24,8.01,−5.88,7.21,5.88,−0.577,9.07,5.06,0.45,5.61,6.48,6.11,5.33,−5.35
Madagascar,−0.378,−0.193,−3.35,1.4,−2.94,−0.511,2.84,4.07,1.01,2.48,1.14,−3.96,−5.29,−0.814,−1.56,−5.78,−0.512,−5.41,6.75,−1.91,−12.4,−4.69,−1.97,−1.12,−1.68,−0.882,−1.63,0.531,1.15,0.195,−9.01,−1.77,−0.914,−3.03,−1.41,−0.985,0.476,0.683,1.45,1.25,2.76,−15,6.52,2.16,1.71,2.36,2.7,3.71,−6.65,−2.15,−1.19,0.233,−0.438,0.585,0.391,1.23,1.19,0.482,1.66,−6.7
Maldives,,,,,,,,,,,,,,,,,,,,,,,,,,,,,,,,,,,,5.76,6.48,5.65,4.2,1.66,−6.26,4.4,10.6,3.11,−15.4,23.1,5.24,6.85,−9.84,3.65,4.35,−1.8,2.54,2.54,−1.62,1.73,2.7,4.08,3.91,−33.2
Mexico,1.78,1.46,4.8,8.48,3.82,2.84,2.62,6.09,0.285,3.3,0.668,5.04,4.73,2.78,2.83,1.63,0.714,6.21,7,6.59,5.95,−2.83,−5.68,1.13,−0.00559,−5.1,−0.334,−0.708,2.11,3.2,2.3,1.68,0.158,3.16,−7.83,5.07,5.19,3.58,1.25,3.44,−1.79,−1.4,0.0723,2.49,0.87,2.98,0.783,−0.358,−6.67,3.62,2.23,2.25,0.0295,1.54,2.02,1.4,0.931,1.05,−1.14,−9.21
Marshall Islands,,,,,,,,,,,,,,,,,,,,,,0.28,10.4,−0.915,−10.6,18.7,4.29,3.09,−5.41,−0.448,−2.27,5.32,4.76,5.06,7.7,−10.4,−6.32,−0.628,−1.38,0.683,5.46,1.85,−3.63,−0.924,0.907,−1.26,2.71,−6.38,3.02,6.47,−0.899,−2.62,3.61,−1.38,1.15,0.542,2.8,2.71,5.84,
North Macedonia,,,,,,,,,,,,,,,,,,,,,,,,,,,,,,,−6.03,−6.35,−7.25,−1.64,−1.19,0.871,0.925,2.74,3.7,4.01,−3.45,1.19,2,4.49,4.56,4.99,6.36,5.38,−0.442,3.27,2.25,−0.542,2.84,3.54,3.78,2.78,1.02,2.83,3.15,−4.53
Mali,,,,,,,,2.37,−1.15,4.57,0.949,4.07,−3.17,−3.26,9.66,11.7,4.52,−3.18,8.41,−6.13,−0.52,−9.31,−0.291,−2.23,18.2,1.13,−1.49,5.95,2.6,−4.27,9.34,−5.57,0.483,1.03,−1.72,4.31,2.16,4.81,2.9,−2.83,12,0.0417,5.79,−1.61,3.15,1.27,0.0967,1.34,1.44,2.04,0.118,−3.72,−0.63,4.02,3.1,2.75,2.19,1.64,1.67,−4.53
Malta,,,,,,,,,,,2.44,5.93,4.23,10.1,18.7,16.4,11.7,10,9.38,5.93,2.55,0.114,−2,0.921,0.799,2.16,3.4,7.53,7.13,5.26,3.43,3.62,3.44,4.67,5.6,3.1,4.46,4.44,4.1,18.9,−1.91,1.8,3.39,−0.53,2.73,2.14,4.41,3.15,−1.88,5.03,0.0423,3.19,4,5.51,7.02,1.74,5.2,1.57,1.47,−10.8
Myanmar,−1.68,1.86,10.9,−7.96,8.22,−7.02,−8.1,9.45,0.885,2.54,1.73,0.0826,−3.23,2.95,1.8,3.7,3.6,4.17,2.9,5.6,4.07,3.36,2.22,2.82,0.859,−2.9,−5.73,−12.9,2.05,1.32,−1.97,8.34,4.83,6.26,5.69,5.12,4.3,4.51,9.58,12.4,10.2,10.9,12.8,12.6,12.7,12.3,11.3,9.57,9.84,8.88,4.78,6.45,7.51,7.11,6.18,5.02,5.73,6.1,1.06,−10.6
Montenegro,,,,,,,,,,,,,,,,,,,,,,,,,,,,,,,,,,,,,,5.22,−9.15,3.28,0.694,1.5,2.07,4.24,4.03,8.43,6.66,7.03,−6,2.55,3.12,−2.81,3.45,1.68,3.33,2.93,4.7,5.1,4.1,−15.1
Mongolia,,,,,,,,,,,,,,,,,,,,,,5.65,3.19,3.22,2.92,6.36,0.557,2.27,1.68,−5.1,−10.1,−10.3,−4.01,1.36,5.56,1.42,3.04,2.47,2.18,0.252,2.01,3.72,5.9,9.4,5.98,7.18,8.76,7.32,−2.82,4.56,15.2,10.2,9.44,5.74,0.388,−0.749,3.39,5.34,3.37,−6.87
Northern Mariana Islands,,,,,,,,,,,,,,,,,,,,,,,,,,,,,,,,,,,,,,,,,,,1.14,−1.87,−11.6,−5.77,−5.55,−10.1,−16.9,1.81,−7.46,0.267,1.78,3.21,2.5,28.3,22.4,−19.8,−11.6,
Mozambique,,,,,,,,,,,,,,,,,,,,,2.51,−9.01,−17.4,−7.95,−0.0149,−2.64,14.9,8.44,6.1,−0.41,2.24,−9.37,6.25,2.42,−1.28,7.88,8.34,7.21,8.91,−1.49,8.95,6.13,3.74,4.78,3.61,6.64,4.78,4.41,3.45,3.62,4.5,4.35,4.04,4.43,3.74,0.885,0.775,0.473,−0.638,−4.09
Mauritania,,−2.19,−4.84,23.9,12.7,−2.75,0.477,6.91,−1.77,8.66,−1.16,−3.65,−7.38,8.89,−7.9,5.4,−4.71,−3.37,1.77,0.387,0.46,−5.16,0.762,−5.96,0.142,2.85,−0.814,−0.95,2.06,−4.3,−0.823,−0.728,3.18,−5.51,7.06,3.18,−6.44,0.198,1.03,−6.43,−3.45,−1.38,3.97,1.81,5.52,15,−4.74,−3.17,−2.77,−0.34,1.15,1.43,1.12,1.27,2.37,−1.59,0.62,−0.685,3.07,−4.11
Mauritius,,,,,,,,,,,,,,,,,4.83,2.48,1.73,−11.6,4.32,4.22,−0.535,3.61,6.08,8.91,8.08,6.06,3.67,6.43,3.31,5.12,3.84,2.69,3.39,4.51,4.37,4.96,1.31,7.14,2.53,0.912,5.16,3.68,1.18,4.38,5.25,5.01,3.04,4.13,3.91,3.21,3.13,3.56,3.42,3.77,3.72,3.7,2.98,−14.9
Malawi,5.12,−1.73,−3.77,0.155,10.8,10.4,4.57,−4.43,3.16,−2.12,13.2,3.46,−0.407,4.27,3.14,1.95,1.76,6.42,1.33,−2.4,−7.68,0.105,1.07,1.93,0.202,−5.4,−4.3,−2.74,−3.56,2,6.51,−8.15,9.42,−10.6,15.6,5.41,1.34,1.07,0.176,−1.11,−7.33,−0.745,3.18,2.84,0.618,1.89,6.58,4.61,5.26,3.85,1.89,−0.986,2.26,2.78,0.0021,−0.256,1.26,1.7,2.97,−1.84
Malaysia,4.26,3.06,3.97,2.17,4.6,4.91,1.21,5.34,2.39,3.49,7.47,6.86,9.12,5.78,−1.61,8.82,5.04,3.95,6.61,4.81,4.4,3.47,3.76,5.12,−3.61,−1.57,2.15,6.71,5.91,5.98,6.65,6.12,7.18,6.52,7.09,7.23,4.61,−9.67,3.58,6.36,−1.67,3.22,3.69,4.7,3.28,3.52,4.24,2.85,−3.29,5.62,3.67,3.96,3.27,4.6,3.69,3.04,4.38,3.36,2.93,−6.8
Namibia,,,,,,,,,,,,,,,,,,,,,−1.2,−2.58,−4.12,−2.87,−2.54,1.24,−0.218,−2.94,−1.78,−1.29,4.98,4.32,−3.99,−0.617,1.6,0.988,2.09,1.29,1.48,1.72,−0.436,3.21,2.71,10.6,0.912,5.28,3.53,0.798,−1.52,4.15,3.25,3.24,3.78,4.23,2.4,−1.8,−2.86,−0.778,−2.45,−9.66
New Caledonia,,,,,,−6.93,2.12,10.8,10.7,21.6,−0.134,−1.13,−13.3,10.6,5.29,1.15,0.401,8.6,−14.2,−1.5,−8.7,0.256,−3.98,−0.18,2.61,−2.82,3.63,32,8.84,1.17,2.23,−1.96,−2.03,−0.109,3.57,−1.46,0.0553,−5.02,−0.998,0.177,,,,,,,,,,,,,,,,,,,,
Niger,1.62,7.15,6.3,−2.73,3.88,−3.2,−2.69,−2.43,−8.11,0.206,2.78,−7.76,−19.3,5.78,−5.5,−2.16,4.7,10.2,4.09,−5.23,−3.01,−0.722,−6.59,−19.2,4.65,3.32,−2.78,3.76,−2.05,−4.34,−3.59,−1.31,−3,−1.57,−1.02,−3.33,−1.98,6.14,−3.73,−4.71,3.44,1.14,−1.53,−3.29,3.4,2.04,−0.66,3.74,−1.85,4.48,−1.53,6.32,1.28,2.56,0.418,1.71,1.04,3.2,1.96,−2.26
Nigeria,−1.82,1.96,6.31,2.74,2.66,−6.29,−17.6,−3.4,21.4,22.2,11.6,0.953,2.85,8.34,−7.77,5.95,2.9,−8.58,3.63,1.28,−15.5,−9.2,−13.2,−3.58,3.23,−2.51,0.526,4.55,−0.709,8.93,−2.16,2.03,−4.46,−4.23,−2.53,1.63,0.407,0.0572,−1.9,2.42,3.29,12.5,4.66,6.49,3.72,3.33,3.82,3.97,5.2,5.16,2.53,1.47,3.85,3.51,−0.0293,−4.17,−1.79,−0.68,−0.38,−4.26
Nicaragua,4.17,7.5,7.52,8.35,6.25,0.22,3.79,−1.67,3.07,−1.69,0.19,−0.87,3.19,10.7,−3.19,2.01,5.08,−10.6,−28.6,1.6,2.4,−3.54,1.83,−4.09,−6.43,−3.32,−2.9,−14.3,−3.84,−2.22,−2.39,−1.84,−2.58,1.15,3.79,4.34,2.11,1.96,5.31,2.49,1.44,−0.674,1.11,3.88,2.87,2.73,3.64,2.02,−4.61,3,4.9,5.08,3.54,3.42,3.44,3.22,3.31,−4.57,−4.85,−3.15
Netherlands,−1.01,5.33,2.24,6.84,7.16,1.41,4.09,5.32,5.2,4.83,3.08,2.49,4.58,2.63,−0.885,3.64,1.91,2.07,1.31,0.543,−1.46,−1.69,1.68,2.65,2.1,2.22,1.29,2.78,3.8,3.47,1.64,0.94,0.554,2.34,2.61,3.02,3.79,4.02,4.34,3.45,1.56,−0.42,−0.316,1.63,1.81,3.29,3.55,1.77,−4.16,0.824,1.08,−1.4,−0.424,1.06,1.51,1.65,2.3,1.76,1.01,−4.27
Curaçao,,,,,,,,,,,,,,,,,,,,,,,,,,,,,,,,,,,,,,,,,3.01,0.274,−1.76,−1.51,−1.86,−0.941,0.466,0.91,−1.18,−1.18,−0.807,−0.964,−1.91,−2.46,−1.04,−2.03,−2.05,−1.65,−2.24,
Norway,5.43,1.99,3,4.22,4.47,2.96,5.37,1.4,3.66,1.21,4.93,4.53,3.8,3.28,4.37,5.33,3.72,3.47,4.02,4.23,1.25,−0.132,3.63,5.75,5.24,3.67,1.28,−0.79,0.622,1.58,2.59,2.98,2.23,4.46,3.62,4.5,4.72,2.02,1.32,2.54,1.56,0.901,0.32,3.36,1.93,1.58,1.93,−0.768,−2.96,−0.545,−0.32,1.36,−0.18,0.826,0.958,0.185,1.5,0.454,0.173,−1.35
Nepal,0.298,0.29,0.247,5.74,−2.9,5.13,−3.39,−1.24,2.43,0.537,−3.19,0.994,−2.56,4.07,−0.729,2.12,0.747,2.08,0.0722,−4.53,5.87,1.39,−5.21,7.17,3.75,2.25,−0.52,5.32,1.93,2.09,3.63,1.32,1.05,5.38,0.902,2.88,2.75,0.903,2.4,4.29,3.05,−1.41,2.47,3.29,2.17,2.09,2.17,4.97,3.69,4.31,3.31,4.64,3.8,6.05,3.56,−0.482,7.52,5.85,4.74,−3.86
Nauru,,,,,,,,,,,,,,,,,,,,,,,,,,,,,,,,,,,,,,,,,,,,,0.589,6.29,−23,21.8,8.38,10.4,9.34,10.6,29.7,25.6,2.85,2.58,−6.66,5.09,−0.799,
New Zealand,,,,,,,,,,,,,,,,,,0.286,2.59,1.16,4.25,−0.0681,2.09,3.89,0.989,2.73,0.104,−0.627,−0.318,−0.767,−5.77,0.0467,5.19,3.73,3.2,1.99,0.719,−0.093,4.9,2.3,2.86,2.87,2.51,2.49,2.16,1.63,2.07,−1.95,−1.13,0.406,1.48,1.68,1.91,2.1,1.62,1.43,1.47,1.37,0.0276,−1.1
Oman,,,,,,2.42,61.7,76.7,21.9,10.3,−2.49,5.95,−17.5,6.87,18.8,14.6,−4.2,−8.82,−1.31,0.293,10.7,5.56,10.6,11,8.88,−2.1,−6.94,2.29,7.71,−4.04,1.5,3.52,1.5,0.186,2.34,1.55,5.42,2.55,0.196,5.94,3.25,−2.79,−4.76,−1.17,−0.192,2.53,1.45,4.51,1.49,−3.81,−3.96,1.35,−2.34,−5.15,−1.26,0.126,−3.67,−2.5,−3.73,
Pakistan,3.51,1.97,6.02,4.88,7.62,3.07,2.66,4.42,2.72,8.4,−2.21,−1.89,4.15,0.658,1.23,2.07,0.836,4.74,0.512,6.7,4.41,3.02,3.25,1.62,4.12,2.15,3.13,4.33,1.82,1.42,2.09,4.74,−1,0.914,2.07,1.91,−1.84,−0.329,0.833,1.54,0.976,0.0604,3.33,5.1,4.1,3.5,2.47,−0.574,0.561,−0.601,0.554,1.33,2.22,2.51,2.57,3.35,3.38,3.68,−1.03,−1.44
Panama,7.68,5.06,5.35,1.37,5.98,4.47,5.44,3.93,5.37,3.95,6.54,1.67,2.47,−0.316,−0.946,−0.96,−1.46,7.08,1.98,10.4,6.65,2.92,−6.66,0.416,2.63,1.32,−3.92,−15.2,−0.573,5.85,7.16,5.98,3.3,0.761,−0.311,1.97,4.31,5.19,1.86,0.711,−1.36,0.296,2.26,5.54,5.23,6.68,9.97,7.9,−0.539,3.98,9.4,7.91,5.1,3.29,3.94,3.17,3.8,1.86,1.35,−19.2
Peru,4.35,6.94,1.38,3.54,2.66,5.23,0.993,−2.59,0.689,0.548,1.74,0.672,3.41,6.46,1.54,−1.2,−2.24,−5.12,1.48,3.32,2.98,−2.61,−12.5,1.2,−0.278,6.95,7.28,−11.4,−14.2,−6.95,0.173,−2.47,3.26,10.2,5.43,0.911,4.55,−2.13,−0.141,1.21,−0.656,4.28,3.13,4,5.36,6.63,7.63,8.25,0.287,7.46,5.47,5.27,4.9,1.31,1.96,2.42,0.829,2.2,0.565,−12.4
Philippines,2.15,1.35,3.61,0.18,2.03,1.3,2.24,1.93,1.67,0.816,2.44,2.46,5.85,0.665,2.65,5.83,2.74,2.34,2.79,2.31,0.629,0.821,−0.871,−9.81,−9.78,0.673,1.56,3.97,3.48,0.449,−3.02,−2.08,−0.297,1.96,2.27,3.45,2.84,−2.76,0.848,2.18,0.875,1.56,2.95,4.48,2.98,3.44,4.71,2.63,−0.212,5.56,2.12,5.09,4.96,4.61,4.68,5.55,5.4,4.87,4.68,−10.8
Palau,,,,,,,,,,,,,,,,,,,,,,,,,,,,,,,,,,,,,,,,,4.87,2.25,−4.09,4.6,4.36,0.812,4.08,−3.51,−4.46,2.09,7.92,2.32,−3.21,6.16,7.3,−0.382,−2.42,3.47,−4.73,
Papua New Guinea,4.28,4.41,2.08,6.42,8,3.55,1.78,2.01,5.8,8.28,3.82,3.16,4,0.137,−3.31,−5.79,−1.69,5.8,−0.787,−4.85,−2.91,−2.32,0.477,−2.97,1.32,2.06,0.231,0.412,−3.77,−5.3,7,11.2,15.5,3.5,−5.58,5.16,−6.24,−6.1,−0.539,−4.69,−2.24,−2.19,0.116,0.606,4.04,3,5.26,−2.69,4.28,7.63,−1.08,2.48,1.73,11.3,4.46,3.4,1.49,−2.23,3.81,−5.71
Poland,,,,,,,,,,,,,,,,,,,,,,,,,,,,,,,−7.34,2.2,3.47,5.07,6.96,6.03,6.38,4.6,4.66,5.66,1.29,2.08,3.57,5.04,3.55,6.2,7.12,4.19,2.76,4.04,4.7,1.33,1.19,3.46,4.31,3.19,4.82,5.35,4.57,−2.66
Puerto Rico,5.18,6.09,6.3,4.98,7.52,6.23,5.39,4.53,8.48,7.05,4.66,5.08,4.07,0.799,−2.47,4.5,4.41,5.54,6.59,3.01,0.00775,−2.6,−3.34,4.88,2.1,3.98,4.78,4.91,3.39,−3.7,1.58,3.89,3.77,3.22,3.59,1.17,3.91,4.93,4.86,2.99,6.09,0.786,−0.00918,8.73,−1.85,−0.991,−0.582,−1.27,−1.42,0.0921,0.801,1.25,0.842,0.437,0.707,0.666,−0.509,−0.187,1.47,−3.91
Portugal,4.69,5.85,5.45,6.25,7.91,4.87,8.23,9.34,3.04,13.6,7.08,8.18,11.2,−0.258,−7.91,3.9,4.49,1.71,4.51,3.46,0.741,1.51,−0.635,−2.26,2.53,4.05,6.41,7.6,6.6,4.18,4.61,1.17,−2.16,0.694,3.92,3.12,3.94,4.28,3.32,3.09,1.23,0.221,−1.3,1.55,0.595,1.44,2.31,0.175,−3.21,1.69,−1.55,−3.67,−0.377,1.34,2.21,2.34,3.76,3.01,2.46,−7.74
Paraguay,4.13,0.617,1.98,1.49,3.4,−0.68,6.29,1.81,2.03,2.94,2.99,4.12,4.79,5.82,4.27,4.87,8.69,9.14,8.9,8.68,6.13,−4.2,−5.83,−0.141,1.54,2,4.58,3.01,4.06,1.39,0.845,−0.836,2.39,2.82,4.35,−0.729,1.94,−2.08,−3.42,−4.28,−2.76,−1.89,2.45,2.29,0.493,3.23,3.92,5.05,−1.6,9.6,2.87,−2.06,6.82,3.88,1.58,2.9,3.45,1.88,−1.65,−2.22
Palestine,,,,,,,,,,,,,,,,,,,,,,,,,,,,,,,,,,,2.43,−3.22,9.65,11.4,5.55,−10.9,−11.6,−14.7,11.1,18.8,8.48,−3.49,1.17,4.51,5.73,3.07,6.87,3.51,2.21,−2.47,1.37,6.45,−0.578,−1.3,−1.15,−13.6
French Polynesia,,,,,,5.86,−7.86,11.2,−5.86,−1.75,8.19,−7.96,4.11,14,−8.03,4.75,−1.08,6.56,0.809,−2.51,5.31,6.78,2.4,2.47,2.56,5.55,4.36,−0.101,0.649,0.064,2.94,−0.815,−1.52,−0.872,−1.28,−1.62,−0.135,4.04,1.95,2.07,,,,,,,,,,,,,,,,,,,,
Qatar,,,,,,,,,,,,,,,,,,,,,,,,,,,,,,,,,,,,,,,,,0.0893,2.86,−2.5,7.9,−6.43,6.76,−0.968,−0.209,−2.81,6.62,3.38,−2.91,−0.791,0.082,0.405,−0.379,−4.04,−0.838,−1.02,−5.31
Romania,,,,,,,,,,,,,,,,,,,,,,,,,,,,,,,−12.2,−7.94,1.67,4.08,6.45,4.21,−4.57,−1.83,−0.22,2.59,6.7,7.66,3.08,11.1,5.32,8.67,8.83,11.1,−4.73,−3.33,2.41,2.5,4.16,4,3.44,5.31,7.94,5.09,4.68,−3.43
Russia,,,,,,,,,,,,,,,,,,,,,,,,,,,,,,−3.16,−5.32,−14.6,−8.62,−12.5,−4.12,−3.61,1.57,−5.14,6.73,10.5,5.55,5.18,7.79,7.63,6.81,8.55,8.69,5.25,−7.83,4.45,4.22,3.85,1.54,−1.05,−2.18,0.0103,1.71,2.82,2.08,−2.77
Rwanda,−6.3,9.34,−11.3,−14.1,4.65,4.23,3.81,3.71,7.55,2.78,−1.78,−2.65,0.436,−1.59,−5.1,15.8,−1.28,5.58,8.14,5.26,1.96,−1.44,2.51,−7.68,0.258,0.613,−4.98,−0.045,−2.63,−2.56,0.306,11.9,−1.68,−47.5,37.5,9.43,6.64,0.371,−3.14,2.46,4.56,10.6,0.649,5.92,7.4,6.77,4.96,8.23,3.44,4.59,5.29,6,2.18,3.56,6.12,3.25,1.27,5.75,6.64,−5.78
Saudi Arabia,,,,,,,,,2.02,52.2,15.3,17.3,18.3,10.6,−13.4,12,1.81,−10,5.9,−0.382,−4.19,−25.6,−21.2,−10.2,−14.6,11.3,−10.8,8.42,−4.29,11.2,11.3,0.919,−4.03,−1.93,−2.07,0.507,−0.841,0.937,−5.72,3.23,−3.72,−5.51,8.02,4.8,2.54,−0.0737,−0.928,3.36,−4.79,2.01,6.7,2.2,−0.367,0.754,1.48,−0.604,−2.71,0.606,−1.33,−5.61
Sudan,−2.58,4.08,−5.46,−3.82,3.82,−6.28,−1.46,−0.976,−1.57,2.81,−0.789,−7.92,−2.43,7.99,12.1,12.9,2.77,−9.03,−8.17,−1.87,3.81,2.38,−1.33,−8.04,−9.11,2.42,11.2,−2.91,6.16,−7.87,4.77,3.85,1.88,−1.61,3.23,3.13,7.62,1.5,0.308,3.44,3.58,3.5,4.77,1.02,4.54,7.05,8.49,4.91,0.528,0.821,9.39,12,4.27,4.49,1.54,1.12,2.2,0.387,−3.66,−3.89
Senegal,0.227,−2.83,−0.911,1.02,−1.49,−0.0146,−4.01,3.26,−9.25,5.4,−3.1,3.2,−8.38,1.24,4.64,6.17,−5.01,−6.22,4.4,1.3,2.3,4.92,−8.43,0.826,0.363,0.0453,3.09,−3.77,0.886,−3.68,−0.374,−1.65,−1.56,−2.82,2.69,−0.529,0.585,3.44,3.83,1.46,1.83,−2.34,3.01,2.04,1.68,−0.296,0.145,0.959,−80µ,0.593,−1.43,1.15,−0.415,3.28,3.42,3.41,4.44,3.3,1.57,−1.83
Singapore,4.58,4.62,7.29,−5.56,5.25,7.47,10.1,11.6,12.1,12.2,10.4,11.2,8.55,4.37,2.47,6,5.38,6.48,8.18,8.72,5.61,2.5,7.15,6.76,−0.759,1.44,9.14,8.48,6.97,5.63,3.7,3.48,8.68,7.67,3.99,3.19,4.74,−5.46,4.88,7.17,−3.7,2.97,6.09,8.45,4.86,5.65,4.57,−3.41,−2.85,12.5,4.14,1.93,3.15,2.6,1.77,2,4.43,3.01,0.192,−5.1
Solomon Islands,,,,,,,,,,,,,,,,,,,,,−5.04,−4.87,0.584,−2.92,−6.04,−3.09,5.38,−1.54,1.41,−0.614,3.06,9.55,1.09,5.08,7.03,−1.21,−3.65,−1.48,−3.18,−16.6,−10.4,−5.36,3.77,3.97,2.99,2.43,2.11,3.45,0.204,6.01,4.57,−0.804,2.52,−1.66,−1.28,3.09,2.6,1.27,−1.36,−6.69
Sierra Leone,0.306,2.95,0.103,4.96,5.4,−0.028,−1.71,0.198,6.54,6.58,1.48,−1.08,0.204,1.39,−0.441,−2.55,−2.1,0.184,2.22,2.52,0.636,2.53,−4.26,1.63,−7.74,−1.64,4.01,−9.73,−1.59,1.79,1.67,−19,1.81,−1.51,−7.88,1.55,−6.37,0.712,−3.76,3.81,−9.68,21,4.37,2.03,0.588,0.941,5.16,2.92,0.899,3,3.92,12.6,18.1,2.27,−22.3,3.78,1.99,1.26,3.4,−4.17
El Salvador,,,,,,4.15,2.53,0.442,0.731,0.279,1.19,3.45,2.3,2.85,0.584,2.75,4.54,3.22,−5.97,−13.3,−11.9,−7.71,0.105,−0.0383,−0.724,−1.12,1.19,0.573,−0.345,3.45,0.124,5.55,4.39,3.35,3.49,−0.269,2.12,1.74,1.34,0.386,0.212,0.982,1.02,0.393,2.23,3.87,1.42,2.14,−2.5,1.67,3.37,2.36,1.78,1.24,1.91,2.04,1.74,1.89,2.11,−8.41
San Marino,,,,,,,,,,,,,,,,,,,,,,,,,,,,,,,,,,,,,,6.31,7.88,0.992,4.22,−0.96,2.47,3.17,1.09,2.54,5.78,−1.7,−11.5,−6.67,−9.57,−8.34,−2.16,−1.87,1.28,1.63,−0.242,1.21,2.13,
Somalia,−5.26,4.84,0.629,−8.13,−8.01,6.49,3.18,−0.585,−3.85,2.83,1.81,9.87,−2.87,−21,21.8,−10.2,9.87,−7.33,−11.3,−9.84,1.93,2.55,−8.9,3.62,7.6,2,3.17,−2.58,−1.97,−2.74,,,,,,,,,,,,,,,,,,,,,,,,−0.38,0.662,0.0697,−1.41,−0.0794,−0.00035,−4.29
Serbia,,,,,,,,,,,,,,,,,,,,,,,,,,,,,,,,,,,,6.37,7.51,3.73,−9.1,6.47,7.06,6.48,4.61,9.28,5.85,5.52,6.87,6.11,−2.34,1.14,2.85,−0.198,3.39,−1.13,2.31,3.88,2.65,5.07,4.81,−0.449
South Sudan,,,,,,,,,,,,,,,,,,,,,,,,,,,,,,,,,,,,,,,,,,,,,,,,,0.385,1.43,−7.77,−47.6,10.5,1.42,−12.1,,,,,
Sao Tome and Principe,,,,,,,,,,,,,,,,,,,,,,,,,,,,,,,,,,,,,,,,,,0.509,4.48,1.58,4.55,6.28,0.384,5.14,−0.343,4.01,2.05,1.02,2.81,4.56,1.98,2.23,1.91,1.02,0.302,1.16
Suriname,1.95,1.17,2.87,3.73,9.05,16,9.03,4.92,2.48,1.49,3.53,−0.243,−0.993,1.3,3.5,9.19,10.3,6.46,−0.8,−8.98,6.92,−4.41,−4.26,−2.56,0.917,−0.681,−7.9,5.63,2.05,−6.41,0.75,−1.43,−8.31,1.72,−1.53,−0.432,4.31,1.04,−2.57,0.894,2.97,1.59,5.06,7.24,3.29,4.57,3.9,2.95,1.83,3.97,4.65,1.54,1.8,−0.829,−4.42,−5.88,0.567,3.95,0.164,−15.3
Slovak Republic,,,,,,,,,,,,,,,,,,,,,,,,,,,,,,,,,1.51,5.79,5.53,6.39,5.73,3.94,−0.208,1.3,3.44,4.55,5.57,5.3,6.61,8.49,10.8,5.48,−5.58,5.77,2.71,1.72,0.558,2.54,4.72,2,2.83,3.51,2.37,−4.84
Slovenia,,,,,,,,,,,,,,,,,,,,,,,,,,,,,,,,,,,,3.27,5.19,3.5,5.26,3.37,3.05,3.38,2.9,4.29,3.62,5.41,6.38,3.35,−8.38,0.903,0.652,−2.84,−1.16,2.67,2.13,3.12,4.73,4.01,2.47,−6.06
Sweden,5.18,3.69,4.74,6.03,2.85,1.12,2.58,3.06,4.27,6.29,0.252,1.99,3.79,2.9,2.15,0.691,−1.95,1.46,3.61,1.49,0.334,1.19,1.85,4.13,1.99,2.45,3.01,2.09,1.97,−0.0208,−1.82,−1.74,−2.63,3.19,3.39,1.42,3.01,4.25,4.17,4.6,1.18,1.86,1.93,3.93,2.45,4.08,2.67,−1.22,−5.15,5.05,2.42,−1.32,0.334,1.64,3.39,0.796,1.2,0.773,0.347,−3.52
Eswatini,,,,,,,,,,,10.5,2.41,5.89,2.65,10.5,−5.13,−2.15,−1.9,−0.255,8.71,10.8,−2.27,−2.26,2.53,0.253,8.46,10.8,3.11,9.42,17.5,−0.99,0.639,0.701,0.154,2.65,1.79,1.19,0.876,1.48,0.614,0.24,3.82,3.5,3.27,5.56,5.43,3.78,0.121,0.843,3.07,1.56,4.68,3.14,0.159,1.37,0.197,1.05,1.34,1.19,−2.66
Sint Maarten (Dutch part),,,,,,,,,,,,,,,,,,,,,,,,,,,,,,,,,,,,,,,,,,,,,,,,,,3.75,6.54,−2.14,−4.14,−1.33,−2.55,−2.38,−7.2,−6.78,,
Seychelles,−7.52,5.57,7.37,3.3,−3.51,11.1,−1.94,4.98,−2.35,6.36,13.5,3.78,7.4,−0.524,0.819,13.9,−8.14,20.4,14.8,−5.12,−9.32,−1.7,−1.59,3.89,10.2,−0.797,0.0648,5,10.5,6.47,1.4,6.67,4.01,−3.41,−2.27,3.39,10.7,6.3,−0.109,0.612,−2.36,−1.83,−4.82,−2.49,8.5,7.15,9.86,−4.31,−1.49,3.04,10.8,0.272,4.08,2.89,2.62,3.17,3.55,0.365,0.655,−11.5
Syria,7.35,20.6,−11.5,5.79,−0.991,−10.7,4.72,0.319,14.8,−7.01,6.23,20.8,−11.6,19.9,15.5,7.28,−4.53,5.13,0.157,8.16,5.7,−1.47,−2.13,−7.37,2.57,−8.02,−1.29,9.8,−11.7,4.48,4.79,10.3,2.25,4.68,2.84,1.51,−1.03,3.45,−6.05,0.258,2.97,3.93,−1.31,4.43,3.12,1.15,1.35,,,,,,,,,,,,,
Turks and Caicos Islands,,,,,,,,,,,,,,,,,,,,,,,,,,,,,,,,,,,,,,,,,,,,,,,,,,,,−3,−0.867,6.75,9.43,5.55,−3.96,4.07,3.87,−27.8
Chad,−0.549,3.31,−3.53,−4.4,−1.31,−3.63,−1.07,−2.29,4.81,−0.243,−4.41,−1.21,−10.6,2.55,6.65,0.894,0.262,−2.35,−23,−7.96,−1.11,3,12.9,−0.529,18.5,−6.86,−5.37,11.8,1.54,−7.22,5.12,4.61,−18.4,6.61,−2.07,−1.18,2.1,3.28,−4.18,−4.46,7.51,4.39,10.4,28.7,13.1,−2.82,−0.174,−0.316,0.823,9.83,−3.23,5.27,2.22,3.43,−0.491,−9.16,−5.93,−0.675,0.21,−3.78
Togo,11,2.79,3.78,12.2,12.3,5.38,0.87,0.148,5.98,−1.38,−3.21,4.66,1.32,2.46,0.153,−4.2,4.66,8.55,−7.55,11.3,−6.46,−7,−8.89,1.73,1.92,−1.74,−2.64,3.49,1.2,−2.77,−2.98,−6,−16.8,12.4,5.15,5.77,10.9,−5.39,−0.691,−3.68,−1.93,1.14,4.05,−3.46,−7.11,−0.0438,−3.8,1.27,2.71,3.28,3.59,3.75,3.35,3.2,3.07,2.93,1.79,2.44,2.94,−0.661
Thailand,2.27,4.39,4.81,3.67,4.98,7.85,5.43,4.98,3.47,8.21,1.91,1.35,7.21,1.7,2.31,6.68,7.3,7.85,3.13,3.01,3.82,3.36,3.65,3.85,2.77,3.64,7.56,11.3,10.4,9.62,7.28,7,7.27,7.01,7.04,4.49,−3.9,−8.74,3.37,3.37,2.49,5.27,6.39,5.56,3.52,4.34,4.85,1.19,−1.19,6.99,0.357,6.74,2.22,0.55,2.72,3.05,3.82,3.86,1.98,−6.32
Tajikistan,,,,,,,,,,,,,,,,,,,,,,,,,,0.199,−4.4,10.3,−9.2,−3.12,−9.11,−30.3,−17.8,−22.5,−13.7,−17.9,0.19,3.76,2.14,6.64,7.81,8.93,9.05,8.3,4.71,4.94,5.66,5.7,1.72,4.2,5.03,5.08,4.94,4.2,3.48,4.31,4.49,4.99,4.86,2.13
Turkmenistan,,,,,,,,,,,,,,,,,,,,,,,,,,,,8.27,−6.71,31.8,−7.25,−17.4,−1.31,−19.4,−9.25,4.72,−12.8,5.68,15.1,4.3,3.25,−0.742,2.25,3.94,11.8,9.69,9.69,13.2,4.57,7.5,12.8,9.12,8.18,8.28,4.61,4.38,4.74,4.51,4.67,
Timor-Leste,,,,,,,,,,,,,,,,,,,,,,,,,,,,,,,,,,,,,,,,,14.2,−8.87,−4.7,−2.16,0.612,−6.12,8.11,9.33,8.06,7.53,3.94,4.16,0.323,2.58,1.02,1.42,−5.95,−2.98,16.4,−10.5
Tonga,,,,,,,,,,,,,,,,,,,,,,4.49,1.87,1.68,6.44,1.92,2.73,−2.17,0.119,−2.27,6.22,0.0891,3.57,4.75,7.12,1.49,0.853,2.02,3.24,0.374,3.2,4.28,1.72,−3.02,−0.607,−0.94,−0.573,3.93,−5.67,0.722,7.25,1.63,1.27,2.77,1.42,6.19,2.45,−0.863,−0.517,
Trinidad and Tobago,11.8,1.03,4.12,6.36,−0.314,3.21,1.38,4.59,2.03,2.64,−0.0587,4.43,0.221,2.3,0.027,4.93,7.64,8.52,2.14,8.75,2.94,2.13,−11.7,−7.14,−5.37,−4.35,−5.45,−4.69,−1.54,0.822,2.44,9.42,−1.22,3.08,3.42,6.85,7.33,7.97,7.83,6.63,3.8,7.46,13.9,7.4,5.69,12.7,4.28,2.92,−4.86,2.76,−0.894,0.62,1.56,−1.54,0.892,−6.1,−3.44,−0.35,−1.61,−8.13
Tunisia,,,,,,1.38,−1.94,8.02,2.46,2.39,8.16,15.2,−2.82,5.7,4.77,5.46,1.08,3.98,3.98,4.67,2.66,−3.29,1.71,2.82,2.85,−3.91,4.17,−2.21,−0.524,5.56,1.62,5.48,0.0745,1.2,0.585,5.51,4.01,3.52,4.91,3.69,2.89,0.529,3.92,5.42,2.62,4.27,5.64,3.14,1.95,2.44,−2.89,3.08,1.83,1.85,0.109,0.139,0.764,1.49,−0.0758,−9.56
Turkey,−1.27,3.06,6.49,2.97,0.404,8.6,2.28,4.28,1.64,0.804,3.07,4.88,0.823,3.12,4.7,7.95,1.1,−0.747,−2.83,−4.63,2.5,1.23,2.63,4.4,2.08,4.89,7.4,0.448,−1.49,7.38,−0.967,3.32,5.93,−6.18,6.18,5.69,5.89,0.806,−4.75,5.32,−7.15,4.89,4.25,8.29,7.56,5.62,3.8,−0.383,−6.03,6.92,9.51,3.09,6.66,3.17,4.33,1.64,5.79,1.43,−0.401,0.659
Tuvalu,,,,,,,,,,,,,,,,,,,,,,,,,,,,,,,2.41,1.71,3.16,9.51,−5.4,−6.15,9.87,15.5,−1.69,−1.48,0.712,6.59,−4.64,−2.82,−4.99,0.917,5.3,6.98,−5.33,−3.73,6.45,−4.89,3.56,0.203,7.9,1.81,2.88,1.25,8.34,3.19
Tanzania,,,,,,,,,,,,,,,,,,,,,,,,,,,,,0.622,3.69,−1.26,−2.78,−2.15,−1.62,0.585,1.82,1.05,1.34,2.44,1.98,3.34,4.22,3.73,4.51,4.49,3.58,3.8,2.73,2.29,3.29,4.55,1.44,3.64,3.58,3.03,3.72,3.64,2.36,2.71,−0.943
Uganda,,,,,,,,,,,,,,,,,,,,,,,2.51,−3.49,−6.47,−3.01,0.35,4.47,2.66,2.85,2.03,0.0301,4.86,3.08,8.14,5.86,2.08,1.91,4.94,0.0989,2,5.37,3.14,3.46,3.02,7.35,5.05,5.33,3.47,2.32,5.97,0.587,0.291,1.64,1.57,1.02,−0.0173,2.28,3.09,−0.451
Ukraine,,,,,,,,,,,,,,,,,,,,,,,,,,,,2.11,3.37,−6.56,−8.6,−9.96,−14.3,−22.6,−11.5,−9.2,−2.11,−1.02,0.745,6.97,10.4,6.25,10.4,13,3.75,8.17,8.24,2.86,−14.4,4.25,5.85,0.487,0.201,−1.14,−9.44,2.65,2.92,3.93,3.82,−3.37
Uruguay,1.18,−2.79,−1.02,1.28,−0.0477,1.99,−4.61,0.983,5.1,1.8,−0.552,−1.43,0.252,2.82,5.87,3.53,0.902,4.69,5.47,5.13,0.894,−10.3,−10.9,−1.78,0.817,8.12,7.32,0.848,0.453,−0.38,2.81,7.15,1.91,6.5,−2.15,4.83,7.79,3.86,−2.44,−2.28,−4.01,−7.75,0.878,5.07,7.45,3.99,6.34,6.9,3.95,7.5,4.86,3.23,4.31,2.9,0.0303,1.33,1.26,0.11,−0.0102,−6.18
United States,0.618,4.48,2.91,4.34,5.08,5.28,1.39,3.76,2.1,−1.56,2,4.14,4.64,−1.45,−1.18,4.39,3.58,4.42,2.03,−1.21,1.54,−2.73,3.63,6.31,3.25,2.51,2.54,3.24,2.7,0.741,−1.43,2.1,1.41,2.76,1.47,2.57,3.2,3.27,3.56,2.98,0.00365,0.802,1.98,2.84,2.56,1.87,0.912,−1.08,−3.39,1.72,0.815,1.5,1.14,1.78,2.32,0.977,1.69,2.46,1.7,−3.82
Uzbekistan,,,,,,,,,,,,,,,,,,,,,,,,,,,,6.51,0.637,−1.33,−2.59,−13.3,−4.5,−7.04,−2.67,−0.227,3.24,2.63,3.18,2.41,2.85,2.71,3.03,6.22,5.71,6.15,7.93,7.29,6.24,4.6,4.93,5.81,5.92,5.39,5.59,4.27,2.72,3.63,3.83,−0.287
St. Vincent and the Grenadines,3,2.36,−7.34,2.55,−0.161,−1.03,−10.4,5.45,1.82,9.6,1.85,24.4,−12.1,−9.84,−8.62,9.2,12.1,8.69,2.39,1.51,3.71,3.64,1.39,5.83,5.44,4.88,−0.214,13.4,0.896,6.53,−2.12,4.11,6.71,−1.32,7.78,1.34,3.59,4.18,2.75,1.62,1.61,6.12,7.46,3.97,2.4,7.7,3.42,1.69,−2,−3.32,−0.47,1.27,1.66,0.987,1.08,1.59,0.67,1.81,0.147,−3.04
Venezuela,−0.444,4.77,0.345,7.38,0.69,−1.84,−0.513,3.9,−2.45,4.42,−1.54,−1.66,4.05,−0.823,−0.0102,4.69,3.29,−0.506,−2.01,−7.01,−3.02,−4.64,−6.26,−1.16,−2.37,3.8,0.964,3.18,−10.8,3.94,7.2,3.68,−1.92,−4.43,1.79,−2.22,4.27,−1.65,−7.76,1.75,1.49,−10.5,−9.38,16.3,8.5,8.16,7.17,3.8,−4.57,−2.91,2.56,3.92,−0.0869,−4.73,,,,,,
Virgin Islands (U.S.),,,,,,,,,,,,,,,,,,,,,,,,,,,,,,,,,,,,,,,,,,,−0.33,2.98,3.64,3.71,4.07,0.886,−6.65,0.948,−8.1,−14.9,−5.7,−0.72,0.417,1.31,−0.389,1.77,,
Vietnam,,,,,,,,,,,,,,,,,,,,,,,,,1.45,0.484,1.29,2.84,5.06,2.88,3.75,6.43,5.95,6.84,7.7,7.68,6.66,4.43,3.55,5.62,5.1,5.29,5.9,6.55,6.56,5.99,6.12,4.65,4.37,5.36,5.16,4.16,4.32,4.87,5.57,5.12,5.73,6.02,6,1.98
Vanuatu,,,,,,,,,,,,,,,,,,,,−13.7,1.78,−0.416,0.675,7.12,−1.28,−2.4,−5.1,−3.98,−0.944,8.82,0.312,−0.362,−2.14,6.17,−1.42,0.206,2.99,−0.568,−1.47,3.8,−5.56,−7.5,1.65,1.36,2.71,5.89,0.488,3.14,0.556,−1.3,0.4,−1.76,−2.32,0.293,−2.31,1.98,3.64,0.377,0.783,−11.4
Samoa,,,,,,,,,,,,,,,,,,,,,,,−0.191,0.716,3.43,5.14,0.227,−1.69,3.34,−4.93,−3.02,−1.1,3.09,−3.45,5.82,6.48,0.117,1.74,1.73,6.4,6.37,3.74,3.88,3.97,3.5,1.32,5.64,0.334,−5.47,−0.273,3.33,−4.91,−1.27,−0.707,3.58,7.48,0.622,−2.45,3.07,−3.39
Yemen,,,,,,,,,,,,,,,,,,,,,,,,,,,,,,,1.18,2.76,−1.18,1.77,1.31,0.874,1.9,2.95,0.888,3.21,0.853,0.975,0.789,1.02,2.61,0.277,0.45,0.761,0.986,4.73,−15.1,−0.392,2.01,−2.8,−29.8,−11.6,−7.35,−1.59,,
South Africa,1.33,3.57,4.71,5.24,3.45,1.79,4.47,1.49,2.02,2.51,1.54,−1.04,1.81,3.35,−0.898,−0.29,−2.52,0.517,1.22,3.9,2.57,−3.08,−4.52,2.3,−3.74,−2.42,−0.286,1.82,0.0318,−2.68,−3.43,−4.55,−1.22,0.833,0.931,2.31,0.818,−1.1,0.884,2.74,1.34,2.4,1.7,3.29,3.98,4.28,4.01,1.82,−2.9,1.55,1.72,0.61,0.854,0.247,−0.345,−1.07,−0.0123,−0.578,−1.16,−8.14
Zambia,−1.64,−5.37,0.216,8.87,13.1,−8.43,4.63,−1.88,−3.56,1.45,−3.33,5.62,−4.25,2.88,−5.52,2.7,−7.72,−2.77,−6.25,−0.41,2.6,−6.08,−5.23,−3.6,−1.64,−2.43,−0.47,3.13,−3.83,−3.16,−2.58,−4.11,4.27,−10.8,0.331,3.45,1.02,−3.1,1.82,1.15,2.6,1.84,4.24,4.31,4.47,5.09,5.5,4.88,6.19,7.13,2.42,4.31,1.81,1.48,−0.188,0.707,0.494,1.05,−1.45,−5.77
Zimbabwe,2.82,−1.93,2.7,−4.4,1.43,−1.82,4.82,−1.37,8.7,18.4,5.19,4.57,−0.953,2.99,−5.18,−2.76,−9.78,−5.75,−0.0263,10.6,8.61,−1.01,−2.06,−5.43,3.15,−1.48,−2.32,4.04,2.04,4.13,3.08,−10.8,−0.7,7.6,−1.15,9.11,1.69,2.06,−1.45,−3.54,1.08,−9.13,−17.2,−6.1,−6.15,−4.09,−4.44,−18.5,10.7,18.1,12.5,14.7,0.192,0.596,0.101,−0.793,3.18,2.05,−9.4,−9.35
